INFO 2026-09-24 19:23:25,870 django.utils.autoreload autoreload:667 Watching for file changes with StatReloader
INFO 2026-09-24 19:23:46,946 django.server basehttp:212 "GET /sudo-dashboard/ HTTP/1.1" 200 38792
INFO 2026-09-24 19:23:47,018 django.server basehttp:212 "GET /static/css/base.css HTTP/1.1" 200 14728
INFO 2026-09-24 19:23:47,030 django.server basehttp:212 "GET /static/css/unified.css HTTP/1.1" 200 13308
INFO 2026-09-24 19:23:47,036 django.server basehttp:212 "GET /static/admins/css/admins_sudo_homepage.css HTTP/1.1" 200 1668
INFO 2026-09-24 19:23:47,041 django.server basehttp:212 "GET /static/admins/css/admins_admins_sudo_base.css HTTP/1.1" 200 121
INFO 2026-09-24 19:23:47,042 django.server basehttp:212 "GET /static/admins/css/workspace_unified.css HTTP/1.1" 200 5182
INFO 2026-09-24 19:23:47,043 django.server basehttp:212 "GET /static/admins/css/admins_sudo_base.css HTTP/1.1" 200 114
INFO 2026-09-24 19:23:47,049 django.server basehttp:212 "GET /static/admins/css/admins_admins_sudo_homepage.css HTTP/1.1" 200 1704
INFO 2026-09-24 19:23:47,056 django.server basehttp:212 "GET /site/logo/ HTTP/1.1" 200 280
INFO 2026-09-24 19:23:47,337 django.server basehttp:212 "GET /site/logo/ HTTP/1.1" 200 280
INFO 2026-09-24 19:23:58,719 django.server basehttp:212 "GET /timetable/dashboard/ HTTP/1.1" 200 113675
INFO 2026-09-24 19:23:58,806 django.server basehttp:212 "GET /static/images/chuka.png HTTP/1.1" 200 66627
ERROR 2026-09-24 19:24:19,832 django.server basehttp:212 "GET /publish-regular-pdf/ HTTP/1.1" 500 366
INFO 2026-09-24 19:24:48,384 django.server basehttp:212 "GET /api/notifications/ HTTP/1.1" 200 455
ERROR 2026-09-24 19:25:15,297 django.server basehttp:212 "GET /publish-regular-pdf/ HTTP/1.1" 500 366
INFO 2026-09-24 19:25:36,539 django.server basehttp:212 "GET /api/notifications/ HTTP/1.1" 200 455
INFO 2026-09-24 19:25:45,231 django.server basehttp:212 "GET /published/timetables/?section=regular HTTP/1.1" 200 127457
INFO 2026-09-24 19:25:45,315 django.server basehttp:212 "GET /static/dashboards/css/dashboards_published_timetables.css HTTP/1.1" 200 8853
INFO 2026-09-24 19:25:45,317 django.server basehttp:212 "GET /static/dashboards/css/dashboard.css HTTP/1.1" 200 16802
INFO 2026-09-24 19:25:45,326 django.server basehttp:212 "GET /static/dashboards/js/dashboard.js HTTP/1.1" 200 10712
INFO 2026-09-24 19:25:45,327 django.server basehttp:212 "GET /static/css/workspace_unified.css HTTP/1.1" 200 5182
INFO 2026-09-24 19:25:45,355 django.server basehttp:212 "GET /site/logo/ HTTP/1.1" 200 280
INFO 2026-09-24 19:26:18,380 django.server basehttp:212 "GET /api/notifications/ HTTP/1.1" 200 455
INFO 2026-09-24 19:26:42,172 django.server basehttp:212 "GET /timetable/dashboard/ HTTP/1.1" 200 113675
INFO 2026-09-24 19:26:48,004 django.server basehttp:212 "GET /timetable/analysis/ HTTP/1.1" 200 275954
INFO 2026-09-24 19:26:48,544 django.server basehttp:212 "GET /timetable/analysis/allocation-sets/ HTTP/1.1" 200 2499
INFO 2026-09-24 19:26:57,178 django.server basehttp:212 "GET /timetable/analysis/summary-api/?scope=timetable HTTP/1.1" 200 1059
INFO 2026-09-24 19:27:49,269 django.server basehttp:212 "GET / HTTP/1.1" 302 0
INFO 2026-09-24 19:27:49,373 django.server basehttp:212 "GET /sudo-dashboard/ HTTP/1.1" 200 38792
INFO 2026-09-24 19:27:49,930 django.server basehttp:212 "GET /site/logo/ HTTP/1.1" 200 280
INFO 2026-09-24 19:28:04,564 django.utils.autoreload autoreload:667 Watching for file changes with StatReloader
INFO 2026-09-24 19:29:49,879 django.server basehttp:212 "GET /api/mobile/events/?userId=stu%3A62%3A6390%3A4&role=student HTTP/1.1" 200 341
INFO 2026-09-24 19:29:49,900 django.server basehttp:212 "GET /api/mobile/events/?userId=stu%3A62%3A6390%3A4&role=student HTTP/1.1" 200 341
INFO 2026-09-24 19:29:49,956 django.server basehttp:212 "GET /api/mobile/events/?userId=stu%3A62%3A6390%3A4&role=student HTTP/1.1" 200 341
INFO 2026-09-24 19:29:50,015 django.server basehttp:212 "GET /api/mobile/events/?userId=stu%3A62%3A6390%3A4&role=student HTTP/1.1" 200 341
INFO 2026-09-24 19:29:50,074 django.server basehttp:212 "GET /api/mobile/events/?userId=stu%3A62%3A6390%3A4&role=student HTTP/1.1" 200 341
INFO 2026-09-24 19:29:50,131 django.server basehttp:212 "GET /api/mobile/events/?userId=stu%3A62%3A6390%3A4&role=student HTTP/1.1" 200 341
INFO 2026-09-24 19:30:09,742 django.server basehttp:212 "GET /api/mobile/events/?userId=stu%3A62%3A6390%3A4&role=student HTTP/1.1" 200 341
INFO 2026-09-24 19:30:19,568 django.server basehttp:212 "GET /api/mobile/events/?userId=stu%3A62%3A6390%3A4&role=student HTTP/1.1" 200 341
INFO 2026-09-24 19:30:19,610 django.server basehttp:212 "GET /api/mobile/events/?userId=stu%3A62%3A6390%3A4&role=student HTTP/1.1" 200 341
INFO 2026-09-24 19:30:19,691 django.server basehttp:212 "GET /api/mobile/events/?userId=stu%3A62%3A6390%3A4&role=student HTTP/1.1" 200 341
INFO 2026-09-24 19:30:19,758 django.server basehttp:212 "GET /api/mobile/events/?userId=stu%3A62%3A6390%3A4&role=student HTTP/1.1" 200 341
INFO 2026-09-24 19:30:19,822 django.server basehttp:212 "GET /api/mobile/events/?userId=stu%3A62%3A6390%3A4&role=student HTTP/1.1" 200 341
INFO 2026-09-24 19:30:19,877 django.server basehttp:212 "GET /api/mobile/events/?userId=stu%3A62%3A6390%3A4&role=student HTTP/1.1" 200 341
INFO 2026-09-24 19:30:49,543 django.server basehttp:212 "GET /api/mobile/events/?userId=stu%3A62%3A6390%3A4&role=student HTTP/1.1" 200 341
INFO 2026-09-24 19:31:19,551 django.server basehttp:212 "GET /api/mobile/events/?userId=stu%3A62%3A6390%3A4&role=student HTTP/1.1" 200 341
INFO 2026-09-24 19:31:49,543 django.server basehttp:212 "GET /api/mobile/events/?userId=stu%3A62%3A6390%3A4&role=student HTTP/1.1" 200 341
INFO 2026-09-24 19:32:19,549 django.server basehttp:212 "GET /api/mobile/events/?userId=stu%3A62%3A6390%3A4&role=student HTTP/1.1" 200 341
INFO 2026-09-24 19:32:49,537 django.server basehttp:212 "GET /api/mobile/events/?userId=stu%3A62%3A6390%3A4&role=student HTTP/1.1" 200 341
INFO 2026-09-24 19:33:20,217 django.server basehttp:212 "GET /api/mobile/events/?userId=stu%3A62%3A6390%3A4&role=student HTTP/1.1" 200 341
INFO 2026-09-24 19:33:50,299 django.server basehttp:212 "GET /api/mobile/events/?userId=stu%3A62%3A6390%3A4&role=student HTTP/1.1" 200 341
INFO 2026-09-24 19:35:07,824 django.server basehttp:212 "GET /api/mobile/events/?userId=stu%3A62%3A6390%3A4&role=student HTTP/1.1" 200 341
INFO 2026-09-24 19:35:07,836 django.server basehttp:212 "GET /api/mobile/events/?userId=stu%3A62%3A6390%3A4&role=student HTTP/1.1" 200 341
INFO 2026-09-24 19:35:10,754 django.server basehttp:212 "GET / HTTP/1.1" 302 0
INFO 2026-09-24 19:35:11,121 django.server basehttp:212 "GET /sudo-dashboard/ HTTP/1.1" 200 38792
INFO 2026-09-24 19:35:11,153 django.server basehttp:212 "GET /static/css/base.css HTTP/1.1" 304 0
INFO 2026-09-24 19:35:11,160 django.server basehttp:212 "GET /static/css/unified.css HTTP/1.1" 304 0
INFO 2026-09-24 19:35:11,163 django.server basehttp:212 "GET /static/admins/css/admins_admins_sudo_base.css HTTP/1.1" 304 0
INFO 2026-09-24 19:35:11,170 django.server basehttp:212 "GET /static/admins/css/admins_sudo_base.css HTTP/1.1" 304 0
INFO 2026-09-24 19:35:11,174 django.server basehttp:212 "GET /static/admins/css/workspace_unified.css HTTP/1.1" 304 0
INFO 2026-09-24 19:35:11,202 django.server basehttp:212 "GET /static/admins/css/admins_admins_sudo_homepage.css HTTP/1.1" 304 0
INFO 2026-09-24 19:35:11,217 django.server basehttp:212 "GET /static/admins/css/admins_sudo_homepage.css HTTP/1.1" 304 0
INFO 2026-09-24 19:35:11,232 django.server basehttp:212 "GET /site/logo/ HTTP/1.1" 200 280
INFO 2026-09-24 19:35:13,121 django.server basehttp:212 "GET /portal/admin/ HTTP/1.1" 200 30548
INFO 2026-09-24 19:35:13,149 django.server basehttp:212 "GET /static/css/website.css HTTP/1.1" 304 0
INFO 2026-09-24 19:35:13,160 django.server basehttp:212 "GET /static/dashboards/css/dashboards_dashboard_admin_homepage.css HTTP/1.1" 304 0
INFO 2026-09-24 19:35:13,160 django.server basehttp:212 "GET /static/dashboards/js/dashboards_dashboard_base.js HTTP/1.1" 304 0
INFO 2026-09-24 19:35:13,168 django.server basehttp:212 "GET /site/logo/ HTTP/1.1" 200 280
INFO 2026-09-24 19:35:15,001 django.server basehttp:212 "GET /timetable/dashboard/ HTTP/1.1" 200 113675
INFO 2026-09-24 19:35:15,066 django.server basehttp:212 "GET /static/images/chuka.png HTTP/1.1" 304 0
WARNING 2026-09-24 19:35:15,416 django.server basehttp:212 "GET /favicon.ico HTTP/1.1" 404 117741
INFO 2026-09-24 19:35:19,564 django.server basehttp:212 "GET /api/mobile/events/?userId=stu%3A62%3A6390%3A4&role=student HTTP/1.1" 200 341
INFO 2026-09-24 19:35:20,306 django.server basehttp:212 "GET /mobile/analytics/ HTTP/1.1" 200 69526
INFO 2026-09-24 19:35:20,382 django.server basehttp:212 "GET /static/mobile_api/js/vendor/qrcode.js HTTP/1.1" 200 56694
INFO 2026-09-24 19:35:20,383 django.server basehttp:212 "GET /static/mobile_api/js/vendor/qrcode_utf8.js HTTP/1.1" 200 793
INFO 2026-09-24 19:35:20,404 django.server basehttp:212 "GET /static/mobile_api/js/mobile_analytics.js HTTP/1.1" 200 2310
INFO 2026-09-24 19:35:36,174 django.server basehttp:212 "GET /mobile/analytics/ HTTP/1.1" 200 69526
INFO 2026-09-24 19:35:46,342 django.server basehttp:212 "GET /api/mobile/events/?userId=stu%3A62%3A6390%3A4&role=student HTTP/1.1" 200 341
INFO 2026-09-24 19:35:49,526 django.server basehttp:212 "GET /api/mobile/events/?userId=stu%3A62%3A6390%3A4&role=student HTTP/1.1" 200 341
INFO 2026-09-24 19:35:49,589 django.server basehttp:212 "GET /api/notifications/ HTTP/1.1" 200 455
INFO 2026-09-24 19:36:19,529 django.server basehttp:212 "GET /api/mobile/events/?userId=stu%3A62%3A6390%3A4&role=student HTTP/1.1" 200 341
INFO 2026-09-24 19:36:25,312 django.server basehttp:212 "GET /api/notifications/ HTTP/1.1" 200 455
INFO 2026-09-24 19:36:49,526 django.server basehttp:212 "GET /api/mobile/events/?userId=stu%3A62%3A6390%3A4&role=student HTTP/1.1" 200 341
INFO 2026-09-24 19:36:59,344 django.server basehttp:212 "GET /api/notifications/ HTTP/1.1" 200 455
INFO 2026-09-24 19:37:19,538 django.server basehttp:212 "GET /api/mobile/events/?userId=stu%3A62%3A6390%3A4&role=student HTTP/1.1" 200 341
INFO 2026-09-24 19:37:49,752 django.server basehttp:212 "GET /api/mobile/events/?userId=stu%3A62%3A6390%3A4&role=student HTTP/1.1" 200 341
INFO 2026-09-24 19:37:50,222 django.server basehttp:212 "GET /api/mobile/events/?userId=stu%3A62%3A6390%3A4&role=student HTTP/1.1" 200 341
INFO 2026-09-24 19:38:03,368 django.server basehttp:212 "GET /api/notifications/ HTTP/1.1" 200 455
INFO 2026-09-24 19:38:20,221 django.server basehttp:212 "GET /api/mobile/events/?userId=stu%3A62%3A6390%3A4&role=student HTTP/1.1" 200 341
INFO 2026-09-24 19:39:13,385 django.server basehttp:212 "GET /api/mobile/events/?userId=stu%3A62%3A6390%3A4&role=student HTTP/1.1" 200 341
INFO 2026-09-24 19:39:15,598 django.server basehttp:212 "GET /api/notifications/ HTTP/1.1" 200 455
INFO 2026-09-24 19:40:13,285 django.server basehttp:212 "GET /api/mobile/events/?userId=stu%3A62%3A6390%3A4&role=student HTTP/1.1" 200 341
INFO 2026-09-24 19:41:02,110 django.server basehttp:212 "GET /api/notifications/ HTTP/1.1" 200 455
INFO 2026-09-24 19:41:13,282 django.server basehttp:212 "GET /api/mobile/events/?userId=stu%3A62%3A6390%3A4&role=student HTTP/1.1" 200 341
INFO 2026-09-24 19:41:28,968 django.server basehttp:212 "GET /api/notifications/ HTTP/1.1" 200 455
INFO 2026-09-24 19:49:09,521 django.utils.autoreload autoreload:667 Watching for file changes with StatReloader
INFO 2026-09-24 19:49:49,777 django.utils.autoreload autoreload:667 Watching for file changes with StatReloader
INFO 2026-09-24 19:50:04,934 django.server basehttp:212 "GET /mobile/analytics/ HTTP/1.1" 200 71540
INFO 2026-09-24 19:50:04,993 django.server basehttp:212 "GET /static/mobile_api/js/vendor/qrcode.js HTTP/1.1" 304 0
INFO 2026-09-24 19:50:05,002 django.server basehttp:212 "GET /static/mobile_api/js/vendor/qrcode_utf8.js HTTP/1.1" 304 0
INFO 2026-09-24 19:50:05,019 django.server basehttp:212 "GET /static/mobile_api/js/mobile_analytics.js HTTP/1.1" 200 5779
INFO 2026-09-24 19:52:35,584 django.utils.autoreload autoreload:667 Watching for file changes with StatReloader
INFO 2026-09-24 19:55:14,538 django.utils.autoreload autoreload:667 Watching for file changes with StatReloader
INFO 2026-09-24 19:55:19,753 django.server basehttp:212 "GET /api/mobile/events/?userId=stu%3A62%3A6390%3A4&role=student HTTP/1.1" 200 341
INFO 2026-09-24 19:55:19,776 django.server basehttp:212 "GET /api/mobile/events/?userId=stu%3A62%3A6390%3A4&role=student HTTP/1.1" 200 341
INFO 2026-09-24 19:55:19,832 django.server basehttp:212 "GET /api/mobile/events/?userId=stu%3A62%3A6390%3A4&role=student HTTP/1.1" 200 341
INFO 2026-09-24 19:55:19,883 django.server basehttp:212 "GET /api/mobile/events/?userId=stu%3A62%3A6390%3A4&role=student HTTP/1.1" 200 341
INFO 2026-09-24 19:55:19,949 django.server basehttp:212 "GET /api/mobile/events/?userId=stu%3A62%3A6390%3A4&role=student HTTP/1.1" 200 341
INFO 2026-09-24 19:55:20,001 django.server basehttp:212 "GET /api/mobile/events/?userId=stu%3A62%3A6390%3A4&role=student HTTP/1.1" 200 341
INFO 2026-09-24 19:55:44,548 django.server basehttp:212 "GET /api/mobile/app-link/ HTTP/1.1" 200 143
INFO 2026-09-24 19:55:49,675 django.server basehttp:212 "GET /api/mobile/events/?userId=stu%3A62%3A6390%3A4&role=student HTTP/1.1" 200 341
WARNING 2026-09-24 19:55:51,787 django.server basehttp:212 "POST /api/mobile/admin/app-link/save/ HTTP/1.1" 400 112
INFO 2026-09-24 19:56:03,715 django.server basehttp:212 "GET /api/notifications/ HTTP/1.1" 200 455
INFO 2026-09-24 19:56:06,137 django.server basehttp:212 "POST /api/mobile/admin/app-link/save/ HTTP/1.1" 200 193
INFO 2026-09-24 19:56:08,132 django.server basehttp:212 "GET /api/mobile/events/?userId=stu%3A62%3A6390%3A4&role=student HTTP/1.1" 200 341
INFO 2026-09-24 19:56:19,682 django.server basehttp:212 "GET /api/mobile/events/?userId=stu%3A62%3A6390%3A4&role=student HTTP/1.1" 200 341
INFO 2026-09-24 19:56:37,745 django.server basehttp:212 "GET /api/notifications/ HTTP/1.1" 200 455
INFO 2026-09-24 19:56:40,737 django.server basehttp:212 "GET /api/mobile/events/?userId=stu%3A62%3A6390%3A4&role=student HTTP/1.1" 200 341
INFO 2026-09-24 19:56:40,755 django.server basehttp:212 "GET /api/mobile/events/?userId=stu%3A62%3A6390%3A4&role=student HTTP/1.1" 200 341
INFO 2026-09-24 19:56:40,807 django.server basehttp:212 "GET /api/mobile/events/?userId=stu%3A62%3A6390%3A4&role=student HTTP/1.1" 200 341
INFO 2026-09-24 19:56:40,859 django.server basehttp:212 "GET /api/mobile/events/?userId=stu%3A62%3A6390%3A4&role=student HTTP/1.1" 200 341
INFO 2026-09-24 19:56:40,927 django.server basehttp:212 "GET /api/mobile/events/?userId=stu%3A62%3A6390%3A4&role=student HTTP/1.1" 200 341
INFO 2026-09-24 19:56:40,978 django.server basehttp:212 "GET /api/mobile/events/?userId=stu%3A62%3A6390%3A4&role=student HTTP/1.1" 200 341
INFO 2026-09-24 19:56:44,191 django.server basehttp:212 "GET /api/mobile/events/?userId=stu%3A62%3A6390%3A4&role=student HTTP/1.1" 200 341
INFO 2026-09-24 19:56:45,145 django.server basehttp:212 "GET /api/mobile/events/?userId=stu%3A62%3A6390%3A4&role=student HTTP/1.1" 200 341
INFO 2026-09-24 19:57:11,256 django.server basehttp:212 "GET /api/mobile/events/?userId=stu%3A62%3A6390%3A4&role=student HTTP/1.1" 200 341
INFO 2026-09-24 19:57:37,427 django.server basehttp:212 "GET /api/notifications/ HTTP/1.1" 200 455
INFO 2026-09-24 19:57:41,312 django.server basehttp:212 "GET /api/mobile/events/?userId=stu%3A62%3A6390%3A4&role=student HTTP/1.1" 200 341
INFO 2026-09-24 19:58:11,251 django.server basehttp:212 "GET /api/mobile/events/?userId=stu%3A62%3A6390%3A4&role=student HTTP/1.1" 200 341
INFO 2026-09-24 19:58:26,454 django.server basehttp:212 "GET /api/notifications/ HTTP/1.1" 200 455
INFO 2026-09-24 19:58:41,223 django.server basehttp:212 "GET /api/mobile/events/?userId=stu%3A62%3A6390%3A4&role=student HTTP/1.1" 200 341
INFO 2026-09-24 19:59:11,232 django.server basehttp:212 "GET /api/mobile/events/?userId=stu%3A62%3A6390%3A4&role=student HTTP/1.1" 200 341
INFO 2026-09-24 19:59:30,380 django.server basehttp:212 "GET /api/notifications/ HTTP/1.1" 200 455
INFO 2026-09-24 19:59:41,222 django.server basehttp:212 "GET /api/mobile/events/?userId=stu%3A62%3A6390%3A4&role=student HTTP/1.1" 200 341
INFO 2026-09-24 20:01:02,959 django.server basehttp:212 "GET /api/notifications/ HTTP/1.1" 200 455
INFO 2026-09-24 20:01:36,548 django.server basehttp:212 "GET /api/notifications/ HTTP/1.1" 200 455
INFO 2026-09-24 20:02:38,721 django.server basehttp:212 "GET /api/notifications/ HTTP/1.1" 200 455
INFO 2026-09-24 20:03:15,698 django.server basehttp:212 "GET /api/notifications/ HTTP/1.1" 200 455
INFO 2026-09-24 20:04:24,128 django.server basehttp:212 "GET /api/notifications/ HTTP/1.1" 200 455
INFO 2026-09-24 20:05:16,814 django.server basehttp:212 "GET /api/notifications/ HTTP/1.1" 200 455
INFO 2026-09-24 20:05:39,291 django.server basehttp:212 "GET /api/notifications/ HTTP/1.1" 200 455
INFO 2026-09-24 20:06:48,246 django.server basehttp:212 "GET /api/notifications/ HTTP/1.1" 200 455
INFO 2026-09-24 20:07:38,764 django.server basehttp:212 "GET /api/notifications/ HTTP/1.1" 200 455
INFO 2026-09-24 20:08:04,147 django.server basehttp:212 "GET /api/notifications/ HTTP/1.1" 200 455
INFO 2026-09-24 20:09:15,675 django.server basehttp:212 "GET /api/notifications/ HTTP/1.1" 200 455
INFO 2026-09-24 20:10:14,914 django.server basehttp:212 "GET /api/notifications/ HTTP/1.1" 200 455
INFO 2026-09-24 20:11:03,801 django.server basehttp:212 "GET /api/notifications/ HTTP/1.1" 200 455
INFO 2026-09-24 20:17:03,870 django.server basehttp:212 "GET /api/notifications/ HTTP/1.1" 200 455
INFO 2026-09-24 20:22:22,796 django.server basehttp:212 "GET /api/notifications/ HTTP/1.1" 200 455
INFO 2026-09-24 20:24:36,946 django.server basehttp:212 "GET /api/notifications/ HTTP/1.1" 200 455
INFO 2026-09-24 20:25:19,200 django.server basehttp:212 "GET /api/notifications/ HTTP/1.1" 200 455
INFO 2026-09-24 20:27:52,599 django.server basehttp:212 "GET /api/notifications/ HTTP/1.1" 200 455
INFO 2026-09-24 20:29:05,427 django.server basehttp:212 "GET /api/notifications/ HTTP/1.1" 200 455
INFO 2026-09-24 20:33:30,964 django.server basehttp:212 "GET /api/notifications/ HTTP/1.1" 200 455
INFO 2026-09-24 20:38:44,002 django.server basehttp:212 "GET /api/notifications/ HTTP/1.1" 200 455
INFO 2026-09-24 20:41:01,264 django.server basehttp:212 "GET /api/notifications/ HTTP/1.1" 200 455
INFO 2026-09-24 20:41:39,575 django.server basehttp:212 "GET /api/notifications/ HTTP/1.1" 200 455
INFO 2026-09-24 20:44:18,980 django.server basehttp:212 "GET /api/notifications/ HTTP/1.1" 200 455
INFO 2026-09-24 20:45:32,836 django.server basehttp:212 "GET /api/notifications/ HTTP/1.1" 200 455
INFO 2026-09-24 20:49:35,197 django.server basehttp:212 "GET /api/notifications/ HTTP/1.1" 200 455
INFO 2026-09-24 20:54:53,594 django.server basehttp:212 "GET /api/notifications/ HTTP/1.1" 200 455
INFO 2026-09-24 20:57:14,025 django.server basehttp:212 "GET /api/notifications/ HTTP/1.1" 200 455
INFO 2026-09-24 20:57:40,144 django.server basehttp:212 "GET /api/notifications/ HTTP/1.1" 200 455
INFO 2026-09-24 21:00:21,102 django.server basehttp:212 "GET /api/notifications/ HTTP/1.1" 200 455
INFO 2026-09-24 21:01:24,999 django.server basehttp:212 "GET /api/notifications/ HTTP/1.1" 200 455
INFO 2026-09-24 21:05:26,184 django.server basehttp:212 "GET /api/notifications/ HTTP/1.1" 200 455
INFO 2026-09-24 21:11:02,523 django.server basehttp:212 "GET /api/notifications/ HTTP/1.1" 200 455
INFO 2026-09-24 21:13:08,335 django.server basehttp:212 "GET /api/notifications/ HTTP/1.1" 200 455
INFO 2026-09-24 21:13:46,210 django.server basehttp:212 "GET /api/notifications/ HTTP/1.1" 200 455
INFO 2026-09-24 21:16:19,238 django.server basehttp:212 "GET /api/notifications/ HTTP/1.1" 200 455
INFO 2026-09-24 21:17:37,959 django.server basehttp:212 "GET /api/notifications/ HTTP/1.1" 200 455
INFO 2026-09-24 21:21:26,874 django.server basehttp:212 "GET /api/notifications/ HTTP/1.1" 200 455
INFO 2026-09-24 21:26:53,304 django.server basehttp:212 "GET /api/notifications/ HTTP/1.1" 200 455
INFO 2026-09-24 21:28:10,990 django.server basehttp:212 "GET /api/notifications/ HTTP/1.1" 200 455
INFO 2026-09-24 21:28:36,699 django.server basehttp:212 "GET /api/notifications/ HTTP/1.1" 200 455
INFO 2026-09-24 21:30:01,681 django.server basehttp:212 "GET /api/notifications/ HTTP/1.1" 200 455
INFO 2026-09-24 21:30:57,029 django.server basehttp:212 "GET /api/notifications/ HTTP/1.1" 200 455
INFO 2026-09-24 21:33:10,159 django.server basehttp:212 "GET /api/notifications/ HTTP/1.1" 200 455
INFO 2026-09-24 21:36:24,834 django.server basehttp:212 "GET /api/notifications/ HTTP/1.1" 200 455
INFO 2026-09-24 21:37:34,606 django.server basehttp:212 "GET /api/notifications/ HTTP/1.1" 200 455
INFO 2026-09-24 21:37:52,675 django.server basehttp:212 "GET /api/notifications/ HTTP/1.1" 200 455
INFO 2026-09-24 21:39:13,817 django.server basehttp:212 "GET /api/notifications/ HTTP/1.1" 200 455
INFO 2026-09-24 21:40:10,668 django.server basehttp:212 "GET /api/notifications/ HTTP/1.1" 200 455
INFO 2026-09-24 21:42:07,134 django.server basehttp:212 "GET /api/notifications/ HTTP/1.1" 200 455
INFO 2026-09-24 21:45:27,507 django.server basehttp:212 "GET /api/notifications/ HTTP/1.1" 200 455
INFO 2026-09-24 21:46:28,054 django.server basehttp:212 "GET /api/notifications/ HTTP/1.1" 200 455
INFO 2026-09-24 21:46:52,466 django.server basehttp:212 "GET /api/notifications/ HTTP/1.1" 200 455
INFO 2026-09-24 21:48:26,439 django.server basehttp:212 "GET /api/notifications/ HTTP/1.1" 200 455
INFO 2026-09-24 21:49:28,311 django.server basehttp:212 "GET /api/notifications/ HTTP/1.1" 200 455
INFO 2026-09-24 21:51:31,638 django.server basehttp:212 "GET /api/notifications/ HTTP/1.1" 200 455
INFO 2026-09-24 21:55:21,117 django.server basehttp:212 "GET /api/notifications/ HTTP/1.1" 200 455
INFO 2026-09-24 21:56:33,178 django.server basehttp:212 "GET /api/notifications/ HTTP/1.1" 200 455
INFO 2026-09-24 21:57:06,227 django.server basehttp:212 "GET /api/notifications/ HTTP/1.1" 200 455
INFO 2026-09-24 21:58:38,737 django.server basehttp:212 "GET /api/notifications/ HTTP/1.1" 200 455
INFO 2026-09-24 21:59:41,306 django.server basehttp:212 "GET /api/notifications/ HTTP/1.1" 200 455
INFO 2026-09-24 22:01:32,074 django.server basehttp:212 "GET /api/notifications/ HTTP/1.1" 200 455
INFO 2026-09-24 22:04:35,475 django.server basehttp:212 "GET /api/notifications/ HTTP/1.1" 200 455
INFO 2026-09-24 22:05:53,687 django.server basehttp:212 "GET /api/notifications/ HTTP/1.1" 200 455
INFO 2026-09-24 22:06:15,208 django.server basehttp:212 "GET /api/notifications/ HTTP/1.1" 200 455
INFO 2026-09-24 22:08:00,043 django.server basehttp:212 "GET /api/notifications/ HTTP/1.1" 200 455
INFO 2026-09-24 22:08:59,561 django.server basehttp:212 "GET /api/notifications/ HTTP/1.1" 200 455
INFO 2026-09-24 22:10:50,443 django.server basehttp:212 "GET /api/notifications/ HTTP/1.1" 200 455
INFO 2026-09-24 22:14:01,820 django.server basehttp:212 "GET /api/notifications/ HTTP/1.1" 200 455
INFO 2026-09-24 22:15:07,935 django.server basehttp:212 "GET /api/notifications/ HTTP/1.1" 200 455
INFO 2026-09-24 22:15:36,128 django.server basehttp:212 "GET /api/notifications/ HTTP/1.1" 200 455
INFO 2026-09-24 22:17:19,550 django.server basehttp:212 "GET /api/notifications/ HTTP/1.1" 200 455
INFO 2026-09-24 22:18:23,079 django.server basehttp:212 "GET /api/notifications/ HTTP/1.1" 200 455
INFO 2026-09-25 07:23:40,879 django.utils.autoreload autoreload:667 Watching for file changes with StatReloader
INFO 2026-09-25 07:24:01,851 django.server basehttp:212 "GET / HTTP/1.1" 302 0
INFO 2026-09-25 07:24:02,292 django.server basehttp:212 "GET /sudo-dashboard/ HTTP/1.1" 200 38792
INFO 2026-09-25 07:24:02,346 django.server basehttp:212 "GET /static/css/unified.css HTTP/1.1" 304 0
INFO 2026-09-25 07:24:02,347 django.server basehttp:212 "GET /static/css/base.css HTTP/1.1" 304 0
INFO 2026-09-25 07:24:02,353 django.server basehttp:212 "GET /static/admins/css/admins_admins_sudo_base.css HTTP/1.1" 304 0
INFO 2026-09-25 07:24:02,354 django.server basehttp:212 "GET /static/admins/css/admins_sudo_base.css HTTP/1.1" 304 0
INFO 2026-09-25 07:24:02,354 django.server basehttp:212 "GET /static/admins/css/admins_sudo_homepage.css HTTP/1.1" 304 0
INFO 2026-09-25 07:24:02,356 django.server basehttp:212 "GET /static/admins/css/workspace_unified.css HTTP/1.1" 304 0
INFO 2026-09-25 07:24:02,357 django.server basehttp:212 "GET /static/admins/css/admins_admins_sudo_homepage.css HTTP/1.1" 304 0
INFO 2026-09-25 07:24:02,380 django.server basehttp:212 "GET /site/logo/ HTTP/1.1" 200 280
INFO 2026-09-25 07:24:02,604 django.server basehttp:212 "GET /site/logo/ HTTP/1.1" 200 280
INFO 2026-09-25 07:25:48,294 django.server basehttp:212 "GET /portal/admin/ HTTP/1.1" 200 30548
INFO 2026-09-25 07:25:48,344 django.server basehttp:212 "GET /static/css/website.css HTTP/1.1" 304 0
INFO 2026-09-25 07:25:48,346 django.server basehttp:212 "GET /static/dashboards/css/dashboards_dashboard_admin_homepage.css HTTP/1.1" 304 0
INFO 2026-09-25 07:25:48,353 django.server basehttp:212 "GET /static/dashboards/js/dashboards_dashboard_base.js HTTP/1.1" 304 0
INFO 2026-09-25 07:25:48,364 django.server basehttp:212 "GET /site/logo/ HTTP/1.1" 200 280
INFO 2026-09-25 07:25:49,536 django.server basehttp:212 "GET /timetable/dashboard/ HTTP/1.1" 200 113675
INFO 2026-09-25 07:25:49,579 django.server basehttp:212 "GET /static/images/chuka.png HTTP/1.1" 304 0
WARNING 2026-09-25 07:25:49,812 django.server basehttp:212 "GET /favicon.ico HTTP/1.1" 404 118139
INFO 2026-09-25 07:25:55,664 django.server basehttp:212 "GET /notifications/mobile/ HTTP/1.1" 200 106037
INFO 2026-09-25 07:26:13,917 django.server basehttp:212 "GET /mobile/shared-files/ HTTP/1.1" 200 67663
INFO 2026-09-25 07:27:06,625 django.server basehttp:212 "GET /api/notifications/ HTTP/1.1" 200 455
INFO 2026-09-25 07:29:14,119 django.server basehttp:212 "GET /api/notifications/ HTTP/1.1" 200 455
INFO 2026-09-25 07:29:48,643 django.server basehttp:212 "GET /api/notifications/ HTTP/1.1" 200 455
INFO 2026-09-25 07:30:46,781 django.server basehttp:212 "GET /api/notifications/ HTTP/1.1" 200 455
INFO 2026-09-25 07:30:58,457 django.server basehttp:212 "GET /api/notifications/ HTTP/1.1" 200 455
INFO 2026-09-25 07:31:17,646 django.server basehttp:212 "GET /api/notifications/ HTTP/1.1" 200 455
INFO 2026-09-25 07:31:25,952 django.server basehttp:212 "GET /api/notifications/ HTTP/1.1" 200 455
INFO 2026-09-25 07:32:08,226 django.server basehttp:212 "GET /api/notifications/ HTTP/1.1" 200 455
INFO 2026-09-25 07:32:17,473 django.server basehttp:212 "GET /api/notifications/ HTTP/1.1" 200 455
INFO 2026-09-25 07:32:46,761 django.server basehttp:212 "GET /api/notifications/ HTTP/1.1" 200 455
INFO 2026-09-25 07:33:28,093 django.server basehttp:212 "GET /api/notifications/ HTTP/1.1" 200 455
INFO 2026-09-25 07:34:13,233 django.server basehttp:212 "GET /api/notifications/ HTTP/1.1" 200 455
INFO 2026-09-25 07:34:58,104 django.server basehttp:212 "GET /api/notifications/ HTTP/1.1" 200 455
INFO 2026-09-25 07:35:43,255 django.server basehttp:212 "GET /api/notifications/ HTTP/1.1" 200 455
INFO 2026-09-25 07:36:28,101 django.server basehttp:212 "GET /api/notifications/ HTTP/1.1" 200 455
INFO 2026-09-25 07:37:12,812 django.server basehttp:212 "GET /api/notifications/ HTTP/1.1" 200 455
INFO 2026-09-25 07:37:58,293 django.server basehttp:212 "GET /api/notifications/ HTTP/1.1" 200 455
INFO 2026-09-25 07:38:42,917 django.server basehttp:212 "GET /api/notifications/ HTTP/1.1" 200 455
INFO 2026-09-25 07:39:28,284 django.server basehttp:212 "GET /api/notifications/ HTTP/1.1" 200 455
INFO 2026-09-25 07:40:13,077 django.server basehttp:212 "GET /api/notifications/ HTTP/1.1" 200 455
INFO 2026-09-25 07:40:58,234 django.server basehttp:212 "GET /api/notifications/ HTTP/1.1" 200 455
INFO 2026-09-25 07:41:43,246 django.server basehttp:212 "GET /api/notifications/ HTTP/1.1" 200 455
INFO 2026-09-25 07:42:27,964 django.server basehttp:212 "GET /api/notifications/ HTTP/1.1" 200 455
INFO 2026-09-25 07:43:12,959 django.server basehttp:212 "GET /api/notifications/ HTTP/1.1" 200 455
INFO 2026-09-25 07:43:57,990 django.server basehttp:212 "GET /api/notifications/ HTTP/1.1" 200 455
INFO 2026-09-25 07:44:43,219 django.server basehttp:212 "GET /api/notifications/ HTTP/1.1" 200 455
INFO 2026-09-25 08:45:30,189 django.server basehttp:212 "GET /api/notifications/ HTTP/1.1" 200 455
INFO 2026-09-25 08:46:06,315 django.server basehttp:212 "GET /api/notifications/ HTTP/1.1" 200 455
INFO 2026-09-25 08:46:47,448 django.server basehttp:212 "GET /api/notifications/ HTTP/1.1" 200 455
INFO 2026-09-25 08:47:31,400 django.server basehttp:212 "GET /api/notifications/ HTTP/1.1" 200 455
INFO 2026-09-25 08:48:16,545 django.server basehttp:212 "GET /api/notifications/ HTTP/1.1" 200 455
INFO 2026-09-25 08:49:01,170 django.server basehttp:212 "GET /api/notifications/ HTTP/1.1" 200 455
INFO 2026-09-25 08:49:50,872 django.server basehttp:212 "GET /api/notifications/ HTTP/1.1" 200 455
INFO 2026-09-25 08:50:40,080 django.server basehttp:212 "GET /api/notifications/ HTTP/1.1" 200 455
INFO 2026-09-25 08:51:16,365 django.server basehttp:212 "GET /api/notifications/ HTTP/1.1" 200 455
INFO 2026-09-25 08:52:09,185 django.server basehttp:212 "GET /api/notifications/ HTTP/1.1" 200 455
INFO 2026-09-25 08:53:05,477 django.server basehttp:212 "GET /api/notifications/ HTTP/1.1" 200 455
INFO 2026-09-25 08:53:49,858 django.server basehttp:212 "GET /api/notifications/ HTTP/1.1" 200 455
INFO 2026-09-25 08:54:32,715 django.server basehttp:212 "GET /api/notifications/ HTTP/1.1" 200 455
INFO 2026-09-25 08:55:19,254 django.server basehttp:212 "GET /api/notifications/ HTTP/1.1" 200 455
INFO 2026-09-25 08:56:01,082 django.server basehttp:212 "GET /api/notifications/ HTTP/1.1" 200 455
INFO 2026-09-25 08:56:44,422 django.server basehttp:212 "GET /api/notifications/ HTTP/1.1" 200 455
INFO 2026-09-25 08:57:26,980 django.server basehttp:212 "GET /api/notifications/ HTTP/1.1" 200 455
INFO 2026-09-25 08:58:02,153 django.server basehttp:212 "GET /api/notifications/ HTTP/1.1" 200 455
INFO 2026-09-25 08:58:47,947 django.server basehttp:212 "GET /api/notifications/ HTTP/1.1" 200 455
INFO 2026-09-25 08:59:35,510 django.server basehttp:212 "GET /api/notifications/ HTTP/1.1" 200 455
INFO 2026-09-25 09:00:19,297 django.server basehttp:212 "GET /api/notifications/ HTTP/1.1" 200 455
INFO 2026-09-25 09:01:02,215 django.server basehttp:212 "GET /api/notifications/ HTTP/1.1" 200 455
INFO 2026-09-25 09:01:47,400 django.server basehttp:212 "GET /api/notifications/ HTTP/1.1" 200 455
INFO 2026-09-25 09:02:32,101 django.server basehttp:212 "GET /api/notifications/ HTTP/1.1" 200 455
INFO 2026-09-25 09:03:17,203 django.server basehttp:212 "GET /api/notifications/ HTTP/1.1" 200 455
INFO 2026-09-25 09:04:02,147 django.server basehttp:212 "GET /api/notifications/ HTTP/1.1" 200 455
INFO 2026-09-25 09:04:47,058 django.server basehttp:212 "GET /api/notifications/ HTTP/1.1" 200 455
INFO 2026-09-25 09:05:32,147 django.server basehttp:212 "GET /api/notifications/ HTTP/1.1" 200 455
INFO 2026-09-25 09:06:17,728 django.server basehttp:212 "GET /api/notifications/ HTTP/1.1" 200 455
INFO 2026-09-25 09:07:07,011 django.server basehttp:212 "GET /api/notifications/ HTTP/1.1" 200 455
INFO 2026-09-25 09:07:47,594 django.server basehttp:212 "GET /api/notifications/ HTTP/1.1" 200 455
INFO 2026-09-25 09:08:33,054 django.server basehttp:212 "GET /api/notifications/ HTTP/1.1" 200 455
INFO 2026-09-25 09:09:17,581 django.server basehttp:212 "GET /api/notifications/ HTTP/1.1" 200 455
INFO 2026-09-25 09:10:02,134 django.server basehttp:212 "GET /api/notifications/ HTTP/1.1" 200 455
INFO 2026-09-25 09:10:52,164 django.server basehttp:212 "GET /api/notifications/ HTTP/1.1" 200 455
INFO 2026-09-25 09:11:54,134 django.server basehttp:212 "GET /api/notifications/ HTTP/1.1" 200 455
INFO 2026-09-25 09:12:26,820 django.server basehttp:212 "GET /api/notifications/ HTTP/1.1" 200 455
INFO 2026-09-25 09:13:04,647 django.server basehttp:212 "GET /api/notifications/ HTTP/1.1" 200 455
INFO 2026-09-25 09:13:47,548 django.server basehttp:212 "GET /api/notifications/ HTTP/1.1" 200 455
INFO 2026-09-25 09:14:38,457 django.server basehttp:212 "GET /api/notifications/ HTTP/1.1" 200 455
INFO 2026-09-25 09:15:16,775 django.server basehttp:212 "GET /api/notifications/ HTTP/1.1" 200 455
INFO 2026-09-25 09:16:02,040 django.server basehttp:212 "GET /api/notifications/ HTTP/1.1" 200 455
INFO 2026-09-25 09:16:46,651 django.server basehttp:212 "GET /api/notifications/ HTTP/1.1" 200 455
INFO 2026-09-25 09:17:31,464 django.server basehttp:212 "GET /api/notifications/ HTTP/1.1" 200 455
INFO 2026-09-25 09:18:18,091 django.server basehttp:212 "GET /api/notifications/ HTTP/1.1" 200 455
INFO 2026-09-25 09:19:02,819 django.server basehttp:212 "GET /api/notifications/ HTTP/1.1" 200 455
INFO 2026-09-25 09:19:46,786 django.server basehttp:212 "GET /api/notifications/ HTTP/1.1" 200 455
INFO 2026-09-25 09:20:31,676 django.server basehttp:212 "GET /api/notifications/ HTTP/1.1" 200 455
INFO 2026-09-25 09:21:20,684 django.server basehttp:212 "GET /api/notifications/ HTTP/1.1" 200 455
INFO 2026-09-25 09:22:09,504 django.server basehttp:212 "GET /api/notifications/ HTTP/1.1" 200 455
INFO 2026-09-25 09:23:06,311 django.server basehttp:212 "GET /api/notifications/ HTTP/1.1" 200 455
INFO 2026-09-25 09:23:46,254 django.server basehttp:212 "GET /api/notifications/ HTTP/1.1" 200 455
INFO 2026-09-25 09:24:29,268 django.server basehttp:212 "GET /api/notifications/ HTTP/1.1" 200 455
INFO 2026-09-25 09:25:15,399 django.server basehttp:212 "GET /api/notifications/ HTTP/1.1" 200 455
INFO 2026-09-25 09:25:59,227 django.server basehttp:212 "GET /api/notifications/ HTTP/1.1" 200 455
INFO 2026-09-25 09:26:43,581 django.server basehttp:212 "GET /api/notifications/ HTTP/1.1" 200 455
INFO 2026-09-25 09:27:26,860 django.server basehttp:212 "GET /api/notifications/ HTTP/1.1" 200 455
INFO 2026-09-25 09:28:12,104 django.server basehttp:212 "GET /api/notifications/ HTTP/1.1" 200 455
INFO 2026-09-25 09:28:57,990 django.server basehttp:212 "GET /api/notifications/ HTTP/1.1" 200 455
INFO 2026-09-25 09:29:31,874 django.server basehttp:212 "GET /api/notifications/ HTTP/1.1" 200 455
INFO 2026-09-25 09:30:17,558 django.server basehttp:212 "GET /api/notifications/ HTTP/1.1" 200 455
INFO 2026-09-25 09:31:02,287 django.server basehttp:212 "GET /api/notifications/ HTTP/1.1" 200 455
INFO 2026-09-25 09:31:47,000 django.server basehttp:212 "GET /api/notifications/ HTTP/1.1" 200 455
INFO 2026-09-25 09:32:41,288 django.server basehttp:212 "GET /api/notifications/ HTTP/1.1" 200 455
INFO 2026-09-25 09:33:22,911 django.server basehttp:212 "GET /api/notifications/ HTTP/1.1" 200 455
INFO 2026-09-25 09:34:08,253 django.server basehttp:212 "GET /api/notifications/ HTTP/1.1" 200 455
INFO 2026-09-25 09:34:49,109 django.server basehttp:212 "GET /api/notifications/ HTTP/1.1" 200 455
INFO 2026-09-25 09:35:33,908 django.server basehttp:212 "GET /api/notifications/ HTTP/1.1" 200 455
INFO 2026-09-25 09:36:17,502 django.server basehttp:212 "GET /api/notifications/ HTTP/1.1" 200 455
INFO 2026-09-25 09:37:03,254 django.server basehttp:212 "GET /api/notifications/ HTTP/1.1" 200 455
INFO 2026-09-25 09:37:54,246 django.server basehttp:212 "GET /api/notifications/ HTTP/1.1" 200 455
INFO 2026-09-25 09:38:32,382 django.server basehttp:212 "GET /api/notifications/ HTTP/1.1" 200 455
INFO 2026-09-25 09:39:20,375 django.server basehttp:212 "GET /api/notifications/ HTTP/1.1" 200 455
INFO 2026-09-25 09:40:02,618 django.server basehttp:212 "GET /api/notifications/ HTTP/1.1" 200 455
INFO 2026-09-25 09:40:47,385 django.server basehttp:212 "GET /api/notifications/ HTTP/1.1" 200 455
INFO 2026-09-25 09:41:31,652 django.server basehttp:212 "GET /api/notifications/ HTTP/1.1" 200 455
INFO 2026-09-25 09:42:17,808 django.server basehttp:212 "GET /api/notifications/ HTTP/1.1" 200 455
INFO 2026-09-25 09:43:01,739 django.server basehttp:212 "GET /api/notifications/ HTTP/1.1" 200 455
INFO 2026-09-25 09:43:46,916 django.server basehttp:212 "GET /api/notifications/ HTTP/1.1" 200 455
INFO 2026-09-25 09:44:32,629 django.server basehttp:212 "GET /api/notifications/ HTTP/1.1" 200 455
INFO 2026-09-25 09:45:17,428 django.server basehttp:212 "GET /api/notifications/ HTTP/1.1" 200 455
INFO 2026-09-25 09:46:02,093 django.server basehttp:212 "GET /api/notifications/ HTTP/1.1" 200 455
INFO 2026-09-25 09:46:46,821 django.server basehttp:212 "GET /api/notifications/ HTTP/1.1" 200 455
INFO 2026-09-25 09:47:32,924 django.server basehttp:212 "GET /api/notifications/ HTTP/1.1" 200 455
INFO 2026-09-25 09:48:17,049 django.server basehttp:212 "GET /api/notifications/ HTTP/1.1" 200 455
INFO 2026-09-25 09:49:02,689 django.server basehttp:212 "GET /api/notifications/ HTTP/1.1" 200 455
INFO 2026-09-25 09:49:47,539 django.server basehttp:212 "GET /api/notifications/ HTTP/1.1" 200 455
INFO 2026-09-25 09:50:42,655 django.server basehttp:212 "GET /api/notifications/ HTTP/1.1" 200 455
INFO 2026-09-25 09:51:30,186 django.server basehttp:212 "GET /api/notifications/ HTTP/1.1" 200 455
INFO 2026-09-25 09:52:04,339 django.server basehttp:212 "GET /api/notifications/ HTTP/1.1" 200 455
INFO 2026-09-25 09:52:47,295 django.server basehttp:212 "GET /api/notifications/ HTTP/1.1" 200 455
INFO 2026-09-25 09:53:31,599 django.server basehttp:212 "GET /api/notifications/ HTTP/1.1" 200 455
INFO 2026-09-25 09:54:17,173 django.server basehttp:212 "GET /api/notifications/ HTTP/1.1" 200 455
INFO 2026-09-25 09:55:02,613 django.server basehttp:212 "GET /api/notifications/ HTTP/1.1" 200 455
INFO 2026-09-25 09:55:47,595 django.server basehttp:212 "GET /api/notifications/ HTTP/1.1" 200 455
INFO 2026-09-25 09:56:32,024 django.server basehttp:212 "GET /api/notifications/ HTTP/1.1" 200 455
INFO 2026-09-25 09:57:16,951 django.server basehttp:212 "GET /api/notifications/ HTTP/1.1" 200 455
INFO 2026-09-25 09:58:02,350 django.server basehttp:212 "GET /api/notifications/ HTTP/1.1" 200 455
INFO 2026-09-25 09:58:47,083 django.server basehttp:212 "GET /api/notifications/ HTTP/1.1" 200 455
INFO 2026-09-25 09:59:31,923 django.server basehttp:212 "GET /api/notifications/ HTTP/1.1" 200 455
INFO 2026-09-25 10:00:17,221 django.server basehttp:212 "GET /api/notifications/ HTTP/1.1" 200 455
INFO 2026-09-25 10:01:15,543 django.server basehttp:212 "GET /api/notifications/ HTTP/1.1" 200 455
INFO 2026-09-25 10:02:01,372 django.server basehttp:212 "GET /api/notifications/ HTTP/1.1" 200 455
INFO 2026-09-25 10:02:39,214 django.server basehttp:212 "GET /api/notifications/ HTTP/1.1" 200 455
INFO 2026-09-25 10:03:26,055 django.server basehttp:212 "GET /api/notifications/ HTTP/1.1" 200 455
INFO 2026-09-25 10:04:08,321 django.server basehttp:212 "GET /api/notifications/ HTTP/1.1" 200 455
INFO 2026-09-25 10:04:56,693 django.server basehttp:212 "GET /api/notifications/ HTTP/1.1" 200 455
INFO 2026-09-25 10:05:42,594 django.server basehttp:212 "GET /api/notifications/ HTTP/1.1" 200 455
INFO 2026-09-25 10:06:28,542 django.server basehttp:212 "GET /api/notifications/ HTTP/1.1" 200 455
INFO 2026-09-25 10:07:11,456 django.server basehttp:212 "GET /api/notifications/ HTTP/1.1" 200 455
INFO 2026-09-25 10:07:55,913 django.server basehttp:212 "GET /api/notifications/ HTTP/1.1" 200 455
INFO 2026-09-25 10:08:36,383 django.server basehttp:212 "GET /api/notifications/ HTTP/1.1" 200 455
INFO 2026-09-25 10:09:26,411 django.server basehttp:212 "GET /api/notifications/ HTTP/1.1" 200 455
INFO 2026-09-25 10:10:08,883 django.server basehttp:212 "GET /api/notifications/ HTTP/1.1" 200 455
INFO 2026-09-25 10:10:47,094 django.server basehttp:212 "GET /api/notifications/ HTTP/1.1" 200 455
INFO 2026-09-25 10:11:31,890 django.server basehttp:212 "GET /api/notifications/ HTTP/1.1" 200 455
INFO 2026-09-25 10:12:19,718 django.server basehttp:212 "GET /api/notifications/ HTTP/1.1" 200 455
INFO 2026-09-25 10:13:11,214 django.server basehttp:212 "GET /api/notifications/ HTTP/1.1" 200 455
INFO 2026-09-25 10:13:57,488 django.server basehttp:212 "GET /api/notifications/ HTTP/1.1" 200 455
INFO 2026-09-25 10:14:41,894 django.server basehttp:212 "GET /api/notifications/ HTTP/1.1" 200 455
INFO 2026-09-25 10:15:24,870 django.server basehttp:212 "GET /api/notifications/ HTTP/1.1" 200 455
INFO 2026-09-25 10:16:16,252 django.server basehttp:212 "GET /api/notifications/ HTTP/1.1" 200 455
INFO 2026-09-25 10:16:56,361 django.server basehttp:212 "GET /api/notifications/ HTTP/1.1" 200 455
INFO 2026-09-25 10:17:43,293 django.server basehttp:212 "GET /api/notifications/ HTTP/1.1" 200 455
INFO 2026-09-25 10:18:26,271 django.server basehttp:212 "GET /api/notifications/ HTTP/1.1" 200 455
INFO 2026-09-25 10:19:01,560 django.server basehttp:212 "GET /api/notifications/ HTTP/1.1" 200 455
INFO 2026-09-25 10:19:46,588 django.server basehttp:212 "GET /api/notifications/ HTTP/1.1" 200 455
INFO 2026-09-25 10:20:31,602 django.server basehttp:212 "GET /api/notifications/ HTTP/1.1" 200 455
INFO 2026-09-25 10:21:16,788 django.server basehttp:212 "GET /api/notifications/ HTTP/1.1" 200 455
INFO 2026-09-25 10:22:01,770 django.server basehttp:212 "GET /api/notifications/ HTTP/1.1" 200 455
INFO 2026-09-25 10:22:46,600 django.server basehttp:212 "GET /api/notifications/ HTTP/1.1" 200 455
INFO 2026-09-25 10:23:31,190 django.server basehttp:212 "GET /api/notifications/ HTTP/1.1" 200 455
INFO 2026-09-25 10:24:16,300 django.server basehttp:212 "GET /api/notifications/ HTTP/1.1" 200 455
INFO 2026-09-25 10:25:00,837 django.server basehttp:212 "GET /api/notifications/ HTTP/1.1" 200 455
INFO 2026-09-25 10:25:45,637 django.server basehttp:212 "GET /api/notifications/ HTTP/1.1" 200 455
INFO 2026-09-25 10:26:30,607 django.server basehttp:212 "GET /api/notifications/ HTTP/1.1" 200 455
INFO 2026-09-25 10:27:16,240 django.server basehttp:212 "GET /api/notifications/ HTTP/1.1" 200 455
INFO 2026-09-25 10:28:00,597 django.server basehttp:212 "GET /api/notifications/ HTTP/1.1" 200 455
INFO 2026-09-25 10:28:45,566 django.server basehttp:212 "GET /api/notifications/ HTTP/1.1" 200 455
INFO 2026-09-25 10:29:30,833 django.server basehttp:212 "GET /api/notifications/ HTTP/1.1" 200 455
INFO 2026-09-25 10:30:15,722 django.server basehttp:212 "GET /api/notifications/ HTTP/1.1" 200 455
INFO 2026-09-25 10:31:00,497 django.server basehttp:212 "GET /api/notifications/ HTTP/1.1" 200 455
INFO 2026-09-25 10:31:45,893 django.server basehttp:212 "GET /api/notifications/ HTTP/1.1" 200 455
INFO 2026-09-25 10:32:30,671 django.server basehttp:212 "GET /api/notifications/ HTTP/1.1" 200 455
INFO 2026-09-25 10:33:15,905 django.server basehttp:212 "GET /api/notifications/ HTTP/1.1" 200 455
INFO 2026-09-25 12:29:14,953 django.server basehttp:212 "GET /api/notifications/ HTTP/1.1" 200 455
INFO 2026-09-25 12:29:57,497 django.server basehttp:212 "GET /api/notifications/ HTTP/1.1" 200 455
INFO 2026-09-25 12:30:42,882 django.server basehttp:212 "GET /api/notifications/ HTTP/1.1" 200 455
INFO 2026-09-25 12:31:27,235 django.server basehttp:212 "GET /api/notifications/ HTTP/1.1" 200 455
INFO 2026-09-25 12:32:12,242 django.server basehttp:212 "GET /api/notifications/ HTTP/1.1" 200 455
INFO 2026-09-25 12:32:57,093 django.server basehttp:212 "GET /api/notifications/ HTTP/1.1" 200 455
INFO 2026-09-25 12:33:42,167 django.server basehttp:212 "GET /api/notifications/ HTTP/1.1" 200 455
INFO 2026-09-25 12:34:30,586 django.server basehttp:212 "GET /api/notifications/ HTTP/1.1" 200 455
INFO 2026-09-25 12:35:15,684 django.server basehttp:212 "GET /api/notifications/ HTTP/1.1" 200 455
INFO 2026-09-25 12:35:59,494 django.server basehttp:212 "GET /api/notifications/ HTTP/1.1" 200 455
INFO 2026-09-25 12:36:45,609 django.server basehttp:212 "GET /api/notifications/ HTTP/1.1" 200 455
INFO 2026-09-25 12:37:39,697 django.server basehttp:212 "GET /api/notifications/ HTTP/1.1" 200 455
INFO 2026-09-25 12:38:13,243 django.server basehttp:212 "GET /api/notifications/ HTTP/1.1" 200 455
INFO 2026-09-25 12:39:07,219 django.server basehttp:212 "GET /api/notifications/ HTTP/1.1" 200 455
INFO 2026-09-25 12:39:55,827 django.server basehttp:212 "GET /api/notifications/ HTTP/1.1" 200 455
INFO 2026-09-25 12:40:39,121 django.server basehttp:212 "GET /api/notifications/ HTTP/1.1" 200 455
INFO 2026-09-25 12:41:21,347 django.server basehttp:212 "GET /api/notifications/ HTTP/1.1" 200 455
INFO 2026-09-25 12:42:10,340 django.server basehttp:212 "GET /api/notifications/ HTTP/1.1" 200 455
INFO 2026-09-25 12:42:55,232 django.server basehttp:212 "GET /api/notifications/ HTTP/1.1" 200 455
INFO 2026-09-25 12:43:36,056 django.server basehttp:212 "GET /api/notifications/ HTTP/1.1" 200 455
INFO 2026-09-25 12:44:19,116 django.server basehttp:212 "GET /api/notifications/ HTTP/1.1" 200 455
INFO 2026-09-25 12:45:04,468 django.server basehttp:212 "GET /api/notifications/ HTTP/1.1" 200 455
INFO 2026-09-25 12:45:58,566 django.server basehttp:212 "GET /api/notifications/ HTTP/1.1" 200 455
INFO 2026-09-25 12:46:48,436 django.server basehttp:212 "GET /api/notifications/ HTTP/1.1" 200 455
INFO 2026-09-25 12:47:33,004 django.server basehttp:212 "GET /api/notifications/ HTTP/1.1" 200 455
INFO 2026-09-25 12:48:19,438 django.server basehttp:212 "GET /timetable/dashboard/ HTTP/1.1" 200 113675
INFO 2026-09-25 12:48:28,886 django.server basehttp:212 "GET /api/notifications/ HTTP/1.1" 200 455
INFO 2026-09-25 12:48:39,407 django.server basehttp:212 "GET / HTTP/1.1" 302 0
INFO 2026-09-25 12:48:39,522 django.server basehttp:212 "GET /cod/ HTTP/1.1" 302 0
INFO 2026-09-25 12:48:39,769 django.server basehttp:212 "GET /cod/allocations/ HTTP/1.1" 200 4316
WARNING 2026-09-25 12:48:41,214 django.server basehttp:212 "GET /favicon.ico HTTP/1.1" 404 118139
INFO 2026-09-25 12:48:49,767 django.server basehttp:212 "GET /cod/allocations/4/edit/ HTTP/1.1" 200 2925
INFO 2026-09-25 12:50:35,805 django.server basehttp:212 "GET /api/notifications/ HTTP/1.1" 200 455
INFO 2026-09-25 12:50:53,702 django.server basehttp:212 "GET /api/notifications/ HTTP/1.1" 200 455
INFO 2026-09-25 12:51:23,202 django.server basehttp:212 "GET /api/notifications/ HTTP/1.1" 200 455
INFO 2026-09-25 12:51:42,429 django.server basehttp:212 "GET /api/notifications/ HTTP/1.1" 200 455
INFO 2026-09-25 12:52:46,735 django.server basehttp:212 "GET /api/notifications/ HTTP/1.1" 200 455
INFO 2026-09-25 12:53:08,232 django.server basehttp:212 "GET /api/notifications/ HTTP/1.1" 200 455
INFO 2026-09-25 12:53:51,742 django.server basehttp:212 "GET /api/notifications/ HTTP/1.1" 200 455
INFO 2026-09-25 12:54:32,727 django.server basehttp:212 "GET /api/notifications/ HTTP/1.1" 200 455
INFO 2026-09-25 12:54:39,234 django.server basehttp:212 "GET /cod/allocations/ HTTP/1.1" 200 4237
INFO 2026-09-25 12:54:43,344 django.server basehttp:212 "GET /cod/allocations/ HTTP/1.1" 200 5106
INFO 2026-09-25 12:55:07,231 django.server basehttp:212 "GET /api/notifications/ HTTP/1.1" 200 455
INFO 2026-09-25 12:55:42,648 django.server basehttp:212 "GET /api/notifications/ HTTP/1.1" 200 455
INFO 2026-09-25 12:56:22,983 django.server basehttp:212 "GET /cod/allocations/4/edit/ HTTP/1.1" 200 2925
INFO 2026-09-25 12:56:29,767 django.server basehttp:212 "GET /api/notifications/ HTTP/1.1" 200 455
INFO 2026-09-25 12:57:15,079 django.server basehttp:212 "GET /api/notifications/ HTTP/1.1" 200 455
INFO 2026-09-25 12:57:35,352 django.server basehttp:212 "GET /cod/allocations/ HTTP/1.1" 200 5112
INFO 2026-09-25 12:57:37,882 django.server basehttp:212 "POST /cod/allocations/switch/ HTTP/1.1" 302 0
INFO 2026-09-25 12:57:38,454 django.server basehttp:212 "GET /cod/ HTTP/1.1" 200 798099
INFO 2026-09-25 12:57:38,502 django.server basehttp:212 "GET /static/images/chuka.png HTTP/1.1" 200 66627
INFO 2026-09-25 12:57:39,035 django.server basehttp:212 "GET /api/notifications/ HTTP/1.1" 200 581
INFO 2026-09-25 12:57:39,202 django.server basehttp:212 "POST /cod/ HTTP/1.1" 200 40
INFO 2026-09-25 12:57:39,236 django.server basehttp:212 "POST /cod/ HTTP/1.1" 200 35
INFO 2026-09-25 12:57:39,251 django.server basehttp:212 "POST /cod/ HTTP/1.1" 200 37
INFO 2026-09-25 12:57:39,334 django.server basehttp:212 "POST /cod/ HTTP/1.1" 200 1140
INFO 2026-09-25 12:57:39,446 django.server basehttp:212 "GET /api/course-codes/?user_dept_id=63 HTTP/1.1" 200 511634
INFO 2026-09-25 12:57:39,653 django.server basehttp:212 "POST /cod/ HTTP/1.1" 200 13290
INFO 2026-09-25 12:57:46,935 django.server basehttp:212 "GET /logout/ HTTP/1.1" 302 0
INFO 2026-09-25 12:57:46,997 django.server basehttp:212 "GET /login/ HTTP/1.1" 200 11305
WARNING 2026-09-25 12:57:47,129 django.server basehttp:212 "GET /media/site/logo/chuka.png HTTP/1.1" 404 43619
INFO 2026-09-25 12:57:54,692 django.server basehttp:212 "GET /api/notifications/ HTTP/1.1" 200 455
INFO 2026-09-25 12:57:56,109 django.server basehttp:212 "POST /login/ HTTP/1.1" 302 0
INFO 2026-09-25 12:57:56,125 django.server basehttp:212 "GET /cod/ HTTP/1.1" 302 0
INFO 2026-09-25 12:57:56,198 django.server basehttp:212 "GET /cod/allocations/ HTTP/1.1" 200 5302
INFO 2026-09-25 12:57:58,606 django.server basehttp:212 "POST /cod/allocations/switch/ HTTP/1.1" 302 0
INFO 2026-09-25 12:57:59,195 django.server basehttp:212 "GET /cod/ HTTP/1.1" 200 878429
INFO 2026-09-25 12:57:59,694 django.server basehttp:212 "GET /api/notifications/ HTTP/1.1" 200 5205
INFO 2026-09-25 12:57:59,756 django.server basehttp:212 "POST /cod/ HTTP/1.1" 200 35
INFO 2026-09-25 12:57:59,775 django.server basehttp:212 "POST /cod/ HTTP/1.1" 200 37
INFO 2026-09-25 12:57:59,855 django.server basehttp:212 "POST /cod/ HTTP/1.1" 200 62069
INFO 2026-09-25 12:58:00,035 django.server basehttp:212 "POST /cod/ HTTP/1.1" 200 14530
INFO 2026-09-25 12:58:00,042 django.server basehttp:212 "POST /cod/ HTTP/1.1" 200 2813
INFO 2026-09-25 12:58:00,129 django.server basehttp:212 "GET /api/course-codes/?user_dept_id=74 HTTP/1.1" 200 511634
INFO 2026-09-25 12:58:35,041 django.server basehttp:212 "GET /api/notifications/ HTTP/1.1" 200 455
INFO 2026-09-25 12:59:18,838 django.server basehttp:212 "GET /api/notifications/ HTTP/1.1" 200 455
INFO 2026-09-25 12:59:29,675 django.server basehttp:212 "GET /api/notifications/ HTTP/1.1" 200 5205
INFO 2026-09-25 12:59:38,786 django.server basehttp:212 "GET /programs/ HTTP/1.1" 200 387507
INFO 2026-09-25 12:59:38,996 django.server basehttp:212 "GET /static/css/unified.css HTTP/1.1" 200 13308
INFO 2026-09-25 12:59:39,008 django.server basehttp:212 "GET /static/css/base.css HTTP/1.1" 200 14728
INFO 2026-09-25 12:59:39,073 django.server basehttp:212 "GET /static/course_allocation/css/course_allocation.css HTTP/1.1" 200 30804
INFO 2026-09-25 12:59:39,106 django.server basehttp:212 "GET /static/course_allocation/css/course_allocation_course_allocation_base.css HTTP/1.1" 200 30148
INFO 2026-09-25 12:59:39,178 django.server basehttp:212 "GET /static/course_allocation/js/course_allocation_course_allocation_base.js HTTP/1.1" 200 10213
INFO 2026-09-25 12:59:39,884 django.server basehttp:212 "GET /programs/ HTTP/1.1" 200 387507
INFO 2026-09-25 12:59:40,131 django.server basehttp:212 "GET /api/notifications/ HTTP/1.1" 200 5205
INFO 2026-09-25 12:59:40,272 django.server basehttp:212 "GET /site/logo/ HTTP/1.1" 200 280
INFO 2026-09-25 12:59:40,377 django.server basehttp:212 "GET /api/notifications/ HTTP/1.1" 200 5205
INFO 2026-09-25 12:59:48,142 django.server basehttp:212 "GET /cod/ HTTP/1.1" 200 878429
INFO 2026-09-25 12:59:49,301 django.server basehttp:212 "GET /api/notifications/ HTTP/1.1" 200 5205
INFO 2026-09-25 12:59:49,328 django.server basehttp:212 "POST /cod/ HTTP/1.1" 200 62069
INFO 2026-09-25 12:59:49,356 django.server basehttp:212 "POST /cod/ HTTP/1.1" 200 35
INFO 2026-09-25 12:59:49,367 django.server basehttp:212 "POST /cod/ HTTP/1.1" 200 37
INFO 2026-09-25 12:59:49,592 django.server basehttp:212 "GET /api/course-codes/?user_dept_id=74 HTTP/1.1" 200 511634
INFO 2026-09-25 12:59:49,619 django.server basehttp:212 "POST /cod/ HTTP/1.1" 200 14530
INFO 2026-09-25 12:59:49,637 django.server basehttp:212 "POST /cod/ HTTP/1.1" 200 2813
INFO 2026-09-25 13:00:23,192 django.server basehttp:212 "GET /api/notifications/ HTTP/1.1" 200 455
INFO 2026-09-25 13:00:40,566 django.server basehttp:212 "GET /api/notifications/ HTTP/1.1" 200 5205
INFO 2026-09-25 13:01:06,040 django.server basehttp:212 "GET /api/notifications/ HTTP/1.1" 200 455
INFO 2026-09-25 13:01:19,392 django.server basehttp:212 "GET /api/notifications/ HTTP/1.1" 200 5205
INFO 2026-09-25 13:01:40,626 django.server basehttp:212 "GET /api/notifications/ HTTP/1.1" 200 5205
INFO 2026-09-25 13:01:49,146 django.server basehttp:212 "GET /api/notifications/ HTTP/1.1" 200 455
INFO 2026-09-25 13:02:12,400 django.server basehttp:212 "POST /ajax/program-courses/ HTTP/1.1" 200 51
INFO 2026-09-25 13:02:12,935 django.server basehttp:212 "GET /programs/ HTTP/1.1" 200 387506
INFO 2026-09-25 13:02:13,127 django.server basehttp:212 "GET /api/notifications/ HTTP/1.1" 200 5205
INFO 2026-09-25 13:02:13,636 django.server basehttp:212 "GET /site/logo/ HTTP/1.1" 200 280
INFO 2026-09-25 13:02:38,431 django.server basehttp:212 "GET /api/notifications/ HTTP/1.1" 200 455
INFO 2026-09-25 13:02:49,404 django.server basehttp:212 "GET /api/notifications/ HTTP/1.1" 200 5205
INFO 2026-09-25 13:03:13,518 django.server basehttp:212 "GET /api/notifications/ HTTP/1.1" 200 5205
INFO 2026-09-25 13:03:20,811 django.server basehttp:212 "GET /api/notifications/ HTTP/1.1" 200 455
INFO 2026-09-25 13:04:03,778 django.server basehttp:212 "GET /api/notifications/ HTTP/1.1" 200 455
INFO 2026-09-25 13:04:13,649 django.server basehttp:212 "GET /api/notifications/ HTTP/1.1" 200 5205
INFO 2026-09-25 13:04:19,394 django.server basehttp:212 "GET /api/notifications/ HTTP/1.1" 200 5205
INFO 2026-09-25 13:04:45,479 django.server basehttp:212 "GET /api/notifications/ HTTP/1.1" 200 455
INFO 2026-09-25 13:05:08,670 django.server basehttp:212 "POST /ajax/program-courses/ HTTP/1.1" 200 51
INFO 2026-09-25 13:05:09,181 django.server basehttp:212 "GET /programs/ HTTP/1.1" 200 387506
INFO 2026-09-25 13:05:09,402 django.server basehttp:212 "GET /api/notifications/ HTTP/1.1" 200 5205
INFO 2026-09-25 13:05:09,832 django.server basehttp:212 "GET /site/logo/ HTTP/1.1" 200 280
INFO 2026-09-25 13:05:31,395 django.server basehttp:212 "POST /ajax/program-courses/ HTTP/1.1" 200 51
INFO 2026-09-25 13:05:31,885 django.server basehttp:212 "GET /programs/ HTTP/1.1" 200 387506
INFO 2026-09-25 13:05:32,111 django.server basehttp:212 "GET /api/notifications/ HTTP/1.1" 200 5205
INFO 2026-09-25 13:05:32,552 django.server basehttp:212 "GET /site/logo/ HTTP/1.1" 200 280
INFO 2026-09-25 13:05:41,679 django.server basehttp:212 "GET /api/notifications/ HTTP/1.1" 200 455
INFO 2026-09-25 13:05:49,392 django.server basehttp:212 "GET /api/notifications/ HTTP/1.1" 200 5205
INFO 2026-09-25 13:06:19,809 django.server basehttp:212 "GET /api/notifications/ HTTP/1.1" 200 455
INFO 2026-09-25 13:06:30,730 django.server basehttp:212 "GET /exam/timetable/ HTTP/1.1" 200 1983820
INFO 2026-09-25 13:06:32,514 django.server basehttp:212 "GET /api/notifications/ HTTP/1.1" 200 5205
INFO 2026-09-25 13:06:35,994 django.server basehttp:212 "GET /exam/timetable/load-data/?stage=initial HTTP/1.1" 200 13179
INFO 2026-09-25 13:06:38,959 django.server basehttp:212 "GET /exam/timetable/load-data/?stage=timetables HTTP/1.1" 200 2031052
INFO 2026-09-25 13:06:41,939 django.server basehttp:212 "GET /exam/timetable/load-data/?stage=unscheduled HTTP/1.1" 200 139
INFO 2026-09-25 13:06:42,761 django.server basehttp:212 "GET /exam/timetable/load-data/?stage=merged HTTP/1.1" 200 727421
INFO 2026-09-25 13:06:44,895 django.server basehttp:212 "GET / HTTP/1.1" 302 0
INFO 2026-09-25 13:06:47,280 django.server basehttp:212 "GET /cod/ HTTP/1.1" 200 878429
INFO 2026-09-25 13:06:48,728 django.server basehttp:212 "GET /api/notifications/ HTTP/1.1" 200 5205
INFO 2026-09-25 13:06:48,776 django.server basehttp:212 "POST /cod/ HTTP/1.1" 200 37
INFO 2026-09-25 13:06:49,052 django.server basehttp:212 "POST /cod/ HTTP/1.1" 200 35
INFO 2026-09-25 13:06:49,056 django.server basehttp:212 "POST /cod/ HTTP/1.1" 200 62069
INFO 2026-09-25 13:06:49,313 django.server basehttp:212 "POST /cod/ HTTP/1.1" 200 2813
INFO 2026-09-25 13:06:49,324 django.server basehttp:212 "POST /cod/ HTTP/1.1" 200 14530
INFO 2026-09-25 13:06:49,354 django.server basehttp:212 "GET /api/course-codes/?user_dept_id=74 HTTP/1.1" 200 511634
INFO 2026-09-25 13:06:50,963 django.server basehttp:212 "GET /exam/timetable/family/left-behind/ HTTP/1.1" 200 48
INFO 2026-09-25 13:06:51,564 django.server basehttp:212 "GET /exam/timetable/load-data/?stage=complete HTTP/1.1" 200 2497
INFO 2026-09-25 13:07:05,259 django.server basehttp:212 "GET /api/notifications/ HTTP/1.1" 200 455
INFO 2026-09-25 13:07:33,449 django.server basehttp:212 "GET /api/notifications/ HTTP/1.1" 200 5205
INFO 2026-09-25 13:08:18,367 django.server basehttp:212 "GET /api/notifications/ HTTP/1.1" 200 5205
INFO 2026-09-25 13:08:34,471 django.server basehttp:212 "GET /api/notifications/ HTTP/1.1" 200 5205
INFO 2026-09-25 13:08:40,359 django.server basehttp:212 "GET / HTTP/1.1" 302 0
INFO 2026-09-25 13:08:40,464 django.server basehttp:212 "GET /sudo-dashboard/ HTTP/1.1" 200 38792
INFO 2026-09-25 13:08:40,613 django.server basehttp:212 "GET /site/logo/ HTTP/1.1" 200 280
INFO 2026-09-25 13:08:42,700 django.server basehttp:212 "GET /portal/admin/ HTTP/1.1" 200 30548
INFO 2026-09-25 13:08:42,754 django.server basehttp:212 "GET /site/logo/ HTTP/1.1" 200 280
INFO 2026-09-25 13:08:43,889 django.server basehttp:212 "GET /timetable/dashboard/ HTTP/1.1" 200 113675
INFO 2026-09-25 13:08:52,205 django.server basehttp:212 "GET / HTTP/1.1" 302 0
INFO 2026-09-25 13:08:52,314 django.server basehttp:212 "GET /sudo-dashboard/ HTTP/1.1" 200 38792
INFO 2026-09-25 13:08:52,620 django.server basehttp:212 "GET /site/logo/ HTTP/1.1" 200 280
INFO 2026-09-25 13:08:56,529 django.server basehttp:212 "GET /admin/ HTTP/1.1" 200 78148
INFO 2026-09-25 13:08:59,440 django.server basehttp:212 "GET /admin/auth/user/ HTTP/1.1" 200 79642
INFO 2026-09-25 13:08:59,527 django.server basehttp:212 "GET /static/admin/img/search.svg HTTP/1.1" 304 0
INFO 2026-09-25 13:08:59,541 django.server basehttp:212 "GET /admin/jsi18n/ HTTP/1.1" 200 3343
INFO 2026-09-25 13:08:59,617 django.server basehttp:212 "GET /static/admin/img/tooltag-add.svg HTTP/1.1" 304 0
INFO 2026-09-25 13:08:59,635 django.server basehttp:212 "GET /static/admin/img/sorting-icons.svg HTTP/1.1" 304 0
INFO 2026-09-25 13:09:03,793 django.server basehttp:212 "GET /admin/auth/user/add/ HTTP/1.1" 200 60197
INFO 2026-09-25 13:09:03,850 django.server basehttp:212 "GET /admin/jsi18n/ HTTP/1.1" 200 3343
INFO 2026-09-25 13:09:21,098 django.server basehttp:212 "POST /admin/auth/user/add/ HTTP/1.1" 302 0
INFO 2026-09-25 13:09:22,211 django.server basehttp:212 "GET /admin/auth/user/58/change/ HTTP/1.1" 200 141489
INFO 2026-09-25 13:09:22,289 django.server basehttp:212 "GET /admin/jsi18n/ HTTP/1.1" 200 3343
INFO 2026-09-25 13:09:22,289 django.server basehttp:212 "GET /static/admin/js/SelectBox.js HTTP/1.1" 200 4530
INFO 2026-09-25 13:09:22,290 django.server basehttp:212 "GET /static/admin/js/SelectFilter2.js HTTP/1.1" 200 15292
INFO 2026-09-25 13:09:22,291 django.server basehttp:212 "GET /static/admin/js/calendar.js HTTP/1.1" 200 8466
INFO 2026-09-25 13:09:22,295 django.server basehttp:212 "GET /static/admin/js/admin/DateTimeShortcuts.js HTTP/1.1" 200 19319
INFO 2026-09-25 13:09:22,598 django.server basehttp:212 "GET /static/admin/img/selector-icons.svg HTTP/1.1" 200 3291
INFO 2026-09-25 13:09:22,604 django.server basehttp:212 "GET /static/admin/img/icon-clock.svg HTTP/1.1" 200 677
INFO 2026-09-25 13:09:22,607 django.server basehttp:212 "GET /static/admin/img/icon-unknown-alt.svg HTTP/1.1" 200 655
INFO 2026-09-25 13:09:22,613 django.server basehttp:212 "GET /static/admin/img/icon-calendar.svg HTTP/1.1" 200 1086
INFO 2026-09-25 13:09:30,432 django.server basehttp:212 "GET /api/notifications/ HTTP/1.1" 200 455
INFO 2026-09-25 13:09:35,507 django.server basehttp:212 "GET /api/notifications/ HTTP/1.1" 200 5205
INFO 2026-09-25 13:09:48,254 django.server basehttp:212 "POST /admin/auth/user/58/change/ HTTP/1.1" 302 0
INFO 2026-09-25 13:09:48,486 django.server basehttp:212 "GET /api/notifications/ HTTP/1.1" 200 5205
INFO 2026-09-25 13:09:48,651 django.server basehttp:212 "GET /admin/auth/user/ HTTP/1.1" 200 80227
INFO 2026-09-25 13:09:48,727 django.server basehttp:212 "GET /admin/jsi18n/ HTTP/1.1" 200 3343
INFO 2026-09-25 13:10:02,310 django.server basehttp:212 "GET / HTTP/1.1" 302 0
INFO 2026-09-25 13:10:08,041 django.server basehttp:212 "GET /cod/ HTTP/1.1" 200 5184775
INFO 2026-09-25 13:10:08,138 django.server basehttp:212 "GET /static/images/chuka.png HTTP/1.1" 304 0
INFO 2026-09-25 13:10:22,350 django.server basehttp:212 "GET /api/notifications/ HTTP/1.1" 200 4887
INFO 2026-09-25 13:10:22,577 django.server basehttp:212 "POST /cod/ HTTP/1.1" 200 37
INFO 2026-09-25 13:10:22,600 django.server basehttp:212 "POST /cod/ HTTP/1.1" 200 35
INFO 2026-09-25 13:10:22,904 django.server basehttp:212 "POST /cod/ HTTP/1.1" 200 40
INFO 2026-09-25 13:10:23,430 django.server basehttp:212 "GET /api/course-codes/?user_dept_id=65 HTTP/1.1" 200 511634
INFO 2026-09-25 13:10:23,641 django.server basehttp:212 "POST /cod/ HTTP/1.1" 200 22679
WARNING 2026-09-25 13:10:24,066 django.server basehttp:212 "GET /favicon.ico HTTP/1.1" 404 118139
INFO 2026-09-25 13:10:26,210 django.server basehttp:212 "POST /cod/ HTTP/1.1" 200 47531
INFO 2026-09-25 13:10:28,524 django.server basehttp:212 "GET /logout/ HTTP/1.1" 302 0
INFO 2026-09-25 13:10:28,548 django.server basehttp:212 "GET /login/ HTTP/1.1" 200 11305
WARNING 2026-09-25 13:10:28,864 django.server basehttp:212 "GET /media/site/logo/chuka.png HTTP/1.1" 404 43619
INFO 2026-09-25 13:10:29,975 django.server basehttp:212 "GET /api/notifications/ HTTP/1.1" 200 455
INFO 2026-09-25 13:10:36,592 django.server basehttp:212 "GET /api/notifications/ HTTP/1.1" 200 5205
INFO 2026-09-25 13:10:45,652 django.server basehttp:212 "POST /login/ HTTP/1.1" 302 0
INFO 2026-09-25 13:10:45,703 django.server basehttp:212 "GET /timetable/dashboard/ HTTP/1.1" 200 113552
INFO 2026-09-25 13:10:46,093 django.server basehttp:212 "GET /api/notifications/ HTTP/1.1" 200 1607
INFO 2026-09-25 13:11:03,701 django.server basehttp:212 "GET /timetable/ HTTP/1.1" 200 1240947
INFO 2026-09-25 13:11:08,731 django.server basehttp:212 "GET /timetable/load-data/?stage=initial HTTP/1.1" 200 9880
INFO 2026-09-25 13:11:09,855 django.server basehttp:212 "GET /mobile/analytics/ HTTP/1.1" 200 71555
INFO 2026-09-25 13:11:09,927 django.server basehttp:212 "GET /static/mobile_api/js/vendor/qrcode_utf8.js HTTP/1.1" 200 793
INFO 2026-09-25 13:11:09,932 django.server basehttp:212 "GET /static/mobile_api/js/vendor/qrcode.js HTTP/1.1" 200 56694
INFO 2026-09-25 13:11:09,940 django.server basehttp:212 "GET /static/mobile_api/js/mobile_analytics.js HTTP/1.1" 200 5779
INFO 2026-09-25 13:11:10,273 django.server basehttp:212 "GET /api/notifications/ HTTP/1.1" 200 1607
INFO 2026-09-25 13:11:18,663 django.server basehttp:212 "GET /api/notifications/ HTTP/1.1" 200 5205
INFO 2026-09-25 13:11:20,283 django.server basehttp:212 "GET /timetable/analysis/ HTTP/1.1" 200 275954
INFO 2026-09-25 13:11:20,565 django.server basehttp:212 "GET /timetable/analysis/allocation-sets/ HTTP/1.1" 200 2450
INFO 2026-09-25 13:11:32,231 django.server basehttp:212 "GET /timetable/analysis/universal-search/?q=geog%20223&scope=timetable HTTP/1.1" 200 1542
INFO 2026-09-25 13:11:32,740 django.server basehttp:212 "GET /api/notifications/ HTTP/1.1" 200 455
INFO 2026-09-25 13:11:33,014 django.server basehttp:212 "GET /timetable/analysis/summary-api/?scope=timetable HTTP/1.1" 200 255
INFO 2026-09-25 13:11:37,396 django.server basehttp:212 "GET /api/notifications/ HTTP/1.1" 200 5205
INFO 2026-09-25 13:12:25,344 django.server basehttp:212 "GET /logout/ HTTP/1.1" 302 0
INFO 2026-09-25 13:12:25,351 django.server basehttp:212 "GET /login/ HTTP/1.1" 200 11305
WARNING 2026-09-25 13:12:25,606 django.server basehttp:212 "GET /media/site/logo/chuka.png HTTP/1.1" 404 43619
INFO 2026-09-25 13:12:31,816 django.server basehttp:212 "GET /api/notifications/ HTTP/1.1" 200 455
INFO 2026-09-25 13:12:32,882 django.server basehttp:212 "POST /login/ HTTP/1.1" 200 11301
WARNING 2026-09-25 13:12:33,180 django.server basehttp:212 "GET /media/site/logo/chuka.png HTTP/1.1" 404 43619
INFO 2026-09-25 13:12:43,912 django.server basehttp:212 "POST /login/ HTTP/1.1" 302 0
INFO 2026-09-25 13:12:43,987 django.server basehttp:212 "GET /cod/ HTTP/1.1" 302 0
INFO 2026-09-25 13:12:44,212 django.server basehttp:212 "GET /cod/allocations/ HTTP/1.1" 200 5145
INFO 2026-09-25 13:12:48,300 django.server basehttp:212 "POST /cod/allocations/switch/ HTTP/1.1" 302 0
INFO 2026-09-25 13:12:48,854 django.server basehttp:212 "GET /cod/ HTTP/1.1" 200 653106
INFO 2026-09-25 13:12:49,413 django.server basehttp:212 "POST /cod/ HTTP/1.1" 200 37
INFO 2026-09-25 13:12:49,532 django.server basehttp:212 "POST /cod/ HTTP/1.1" 200 40
INFO 2026-09-25 13:12:49,566 django.server basehttp:212 "POST /cod/ HTTP/1.1" 200 35
INFO 2026-09-25 13:12:49,571 django.server basehttp:212 "POST /cod/ HTTP/1.1" 200 35
INFO 2026-09-25 13:12:49,682 django.server basehttp:212 "POST /cod/ HTTP/1.1" 200 35
INFO 2026-09-25 13:12:50,011 django.server basehttp:212 "GET /api/course-codes/?user_dept_id=59 HTTP/1.1" 200 511634
INFO 2026-09-25 13:13:09,312 django.server basehttp:212 "GET /api/notifications/ HTTP/1.1" 200 547
INFO 2026-09-25 13:13:13,899 django.server basehttp:212 "GET /api/notifications/ HTTP/1.1" 200 455
INFO 2026-09-25 13:13:20,887 django.server basehttp:212 "GET /api/course-codes/?user_dept_id=59&program_id=6543 HTTP/1.1" 200 3009
INFO 2026-09-25 13:13:20,952 django.server basehttp:212 "POST /cod/ HTTP/1.1" 200 62
ERROR 2026-09-25 13:13:21,547 django.server basehttp:212 "POST /cod/ HTTP/1.1" 500 103934
INFO 2026-09-25 13:13:40,884 django.server basehttp:212 "GET /ajax/get-course-name/?code=blaw%20113&program_id=6543 HTTP/1.1" 200 16
INFO 2026-09-25 13:13:44,599 django.server basehttp:212 "GET /programs/ HTTP/1.1" 200 133738
INFO 2026-09-25 13:13:44,804 django.server basehttp:212 "GET /api/notifications/ HTTP/1.1" 200 547
INFO 2026-09-25 13:13:45,097 django.server basehttp:212 "GET /site/logo/ HTTP/1.1" 200 280
INFO 2026-09-25 13:14:04,341 django.server basehttp:212 "POST /ajax/program-courses/ HTTP/1.1" 200 74
INFO 2026-09-25 13:14:04,739 django.server basehttp:212 "GET /programs/ HTTP/1.1" 200 134460
INFO 2026-09-25 13:14:05,059 django.server basehttp:212 "GET /api/notifications/ HTTP/1.1" 200 547
INFO 2026-09-25 13:14:05,173 django.server basehttp:212 "GET /site/logo/ HTTP/1.1" 200 280
INFO 2026-09-25 13:14:19,576 django.server basehttp:212 "GET /api/notifications/ HTTP/1.1" 200 547
INFO 2026-09-25 13:14:23,514 django.server basehttp:212 "POST /ajax/program-courses/ HTTP/1.1" 200 74
INFO 2026-09-25 13:14:24,311 django.server basehttp:212 "GET /programs/ HTTP/1.1" 200 135196
INFO 2026-09-25 13:14:25,057 django.server basehttp:212 "GET /site/logo/ HTTP/1.1" 200 280
INFO 2026-09-25 13:14:25,067 django.server basehttp:212 "GET /api/notifications/ HTTP/1.1" 200 547
INFO 2026-09-25 13:14:52,209 django.server basehttp:212 "POST /ajax/program-courses/ HTTP/1.1" 200 74
INFO 2026-09-25 13:14:52,536 django.server basehttp:212 "GET /programs/ HTTP/1.1" 200 135918
INFO 2026-09-25 13:14:52,855 django.server basehttp:212 "GET /site/logo/ HTTP/1.1" 200 280
INFO 2026-09-25 13:14:52,911 django.server basehttp:212 "GET /api/notifications/ HTTP/1.1" 200 547
INFO 2026-09-25 13:15:09,350 django.server basehttp:212 "POST /ajax/program-courses/ HTTP/1.1" 200 74
INFO 2026-09-25 13:15:09,908 django.server basehttp:212 "GET /programs/ HTTP/1.1" 200 136641
INFO 2026-09-25 13:15:10,290 django.server basehttp:212 "GET /api/notifications/ HTTP/1.1" 200 547
INFO 2026-09-25 13:15:10,383 django.server basehttp:212 "GET /site/logo/ HTTP/1.1" 200 280
INFO 2026-09-25 13:15:15,035 django.server basehttp:212 "GET /api/notifications/ HTTP/1.1" 200 455
INFO 2026-09-25 13:15:26,693 django.server basehttp:212 "GET /cod/ HTTP/1.1" 200 653106
INFO 2026-09-25 13:15:27,895 django.server basehttp:212 "GET /api/notifications/ HTTP/1.1" 200 547
INFO 2026-09-25 13:15:27,941 django.server basehttp:212 "POST /cod/ HTTP/1.1" 200 40
INFO 2026-09-25 13:15:28,002 django.server basehttp:212 "POST /cod/ HTTP/1.1" 200 37
INFO 2026-09-25 13:15:28,141 django.server basehttp:212 "POST /cod/ HTTP/1.1" 200 35
INFO 2026-09-25 13:15:28,184 django.server basehttp:212 "POST /cod/ HTTP/1.1" 200 35
INFO 2026-09-25 13:15:28,607 django.server basehttp:212 "POST /cod/ HTTP/1.1" 200 35
INFO 2026-09-25 13:15:29,159 django.server basehttp:212 "GET /api/course-codes/?user_dept_id=59 HTTP/1.1" 200 511837
INFO 2026-09-25 13:15:31,299 django.server basehttp:212 "GET /api/notifications/ HTTP/1.1" 200 455
INFO 2026-09-25 13:15:31,344 django.server basehttp:212 "GET /api/course-codes/?user_dept_id=59&program_id=6543 HTTP/1.1" 200 3212
INFO 2026-09-25 13:15:31,408 django.server basehttp:212 "POST /cod/ HTTP/1.1" 200 62
ERROR 2026-09-25 13:15:31,665 django.server basehttp:212 "POST /cod/ HTTP/1.1" 500 103934
INFO 2026-09-25 13:16:10,571 django.server basehttp:212 "GET /api/notifications/ HTTP/1.1" 200 547
INFO 2026-09-25 13:16:22,334 django.server basehttp:212 "GET /api/notifications/ HTTP/1.1" 200 455
INFO 2026-09-25 13:16:47,693 django.server basehttp:212 "GET /api/notifications/ HTTP/1.1" 200 455
INFO 2026-09-25 13:16:56,799 django.server basehttp:212 "GET /api/notifications/ HTTP/1.1" 200 455
INFO 2026-09-25 13:16:57,128 django.server basehttp:212 "GET /api/notifications/ HTTP/1.1" 200 547
INFO 2026-09-25 13:17:11,388 django.server basehttp:212 "GET /api/notifications/ HTTP/1.1" 200 547
INFO 2026-09-25 13:17:29,135 django.server basehttp:212 "GET /api/notifications/ HTTP/1.1" 200 455
INFO 2026-09-25 13:18:12,549 django.server basehttp:212 "GET /api/notifications/ HTTP/1.1" 200 547
INFO 2026-09-25 13:18:27,182 django.server basehttp:212 "GET /api/notifications/ HTTP/1.1" 200 547
INFO 2026-09-25 13:18:29,207 django.server basehttp:212 "GET /api/notifications/ HTTP/1.1" 200 455
INFO 2026-09-25 13:19:13,386 django.server basehttp:212 "GET /api/notifications/ HTTP/1.1" 200 547
INFO 2026-09-25 13:19:28,887 django.server basehttp:212 "GET /api/notifications/ HTTP/1.1" 200 455
INFO 2026-09-25 13:19:57,123 django.server basehttp:212 "GET /api/notifications/ HTTP/1.1" 200 547
INFO 2026-09-25 13:20:14,506 django.server basehttp:212 "GET /api/notifications/ HTTP/1.1" 200 547
INFO 2026-09-25 13:20:28,521 django.server basehttp:212 "GET /api/notifications/ HTTP/1.1" 200 455
INFO 2026-09-25 13:21:15,388 django.server basehttp:212 "GET /api/notifications/ HTTP/1.1" 200 547
INFO 2026-09-25 13:21:27,186 django.server basehttp:212 "GET /api/notifications/ HTTP/1.1" 200 547
INFO 2026-09-25 13:21:28,967 django.server basehttp:212 "GET /api/notifications/ HTTP/1.1" 200 455
INFO 2026-09-25 13:22:16,391 django.server basehttp:212 "GET /api/notifications/ HTTP/1.1" 200 547
INFO 2026-09-25 13:22:28,862 django.server basehttp:212 "GET /api/notifications/ HTTP/1.1" 200 455
INFO 2026-09-25 13:22:57,113 django.server basehttp:212 "GET /api/notifications/ HTTP/1.1" 200 547
INFO 2026-09-25 13:23:17,514 django.server basehttp:212 "GET /api/notifications/ HTTP/1.1" 200 547
INFO 2026-09-25 13:23:28,971 django.server basehttp:212 "GET /api/notifications/ HTTP/1.1" 200 455
INFO 2026-09-25 13:24:18,382 django.server basehttp:212 "GET /api/notifications/ HTTP/1.1" 200 547
INFO 2026-09-25 13:24:27,095 django.server basehttp:212 "GET /api/notifications/ HTTP/1.1" 200 547
INFO 2026-09-25 13:24:31,845 django.server basehttp:212 "GET /api/notifications/ HTTP/1.1" 200 455
INFO 2026-09-25 13:24:49,005 django.server basehttp:212 "POST /cod/ HTTP/1.1" 200 62
INFO 2026-09-25 13:25:11,769 django.server basehttp:212 "POST /cod/ HTTP/1.1" 200 632
INFO 2026-09-25 13:25:12,040 django.server basehttp:212 "POST /cod/ HTTP/1.1" 200 13932
INFO 2026-09-25 13:25:12,704 django.server basehttp:212 "GET /api/course-codes/?user_dept_id=59 HTTP/1.1" 200 511837
INFO 2026-09-25 13:25:19,397 django.server basehttp:212 "GET /api/notifications/ HTTP/1.1" 200 547
INFO 2026-09-25 13:25:23,754 django.server basehttp:212 "GET /api/course-codes/?user_dept_id=59&program_id=6543 HTTP/1.1" 200 3212
INFO 2026-09-25 13:25:23,804 django.server basehttp:212 "POST /cod/ HTTP/1.1" 200 62
ERROR 2026-09-25 13:25:23,861 django.server basehttp:212 "POST /cod/ HTTP/1.1" 500 103934
INFO 2026-09-25 13:25:27,009 django.server basehttp:212 "POST /cod/ HTTP/1.1" 200 62
INFO 2026-09-25 13:25:33,543 django.server basehttp:212 "POST /cod/ HTTP/1.1" 200 639
INFO 2026-09-25 13:25:33,746 django.server basehttp:212 "POST /cod/ HTTP/1.1" 200 14422
INFO 2026-09-25 13:25:34,388 django.server basehttp:212 "GET /api/course-codes/?user_dept_id=59 HTTP/1.1" 200 511837
INFO 2026-09-25 13:25:40,423 django.server basehttp:212 "GET /api/course-codes/?user_dept_id=59&program_id=6543 HTTP/1.1" 200 3212
INFO 2026-09-25 13:25:40,462 django.server basehttp:212 "POST /cod/ HTTP/1.1" 200 62
ERROR 2026-09-25 13:25:40,542 django.server basehttp:212 "POST /cod/ HTTP/1.1" 500 103934
INFO 2026-09-25 13:25:45,234 django.server basehttp:212 "POST /cod/ HTTP/1.1" 200 62
INFO 2026-09-25 13:25:51,356 django.server basehttp:212 "POST /cod/ HTTP/1.1" 200 634
INFO 2026-09-25 13:25:51,560 django.server basehttp:212 "POST /cod/ HTTP/1.1" 200 14905
INFO 2026-09-25 13:25:51,944 django.server basehttp:212 "GET /api/course-codes/?user_dept_id=59 HTTP/1.1" 200 511837
INFO 2026-09-25 13:25:52,201 django.server basehttp:212 "GET /api/notifications/ HTTP/1.1" 200 455
INFO 2026-09-25 13:25:57,123 django.server basehttp:212 "GET /api/notifications/ HTTP/1.1" 200 547
INFO 2026-09-25 13:26:20,376 django.server basehttp:212 "GET /api/notifications/ HTTP/1.1" 200 547
INFO 2026-09-25 13:26:31,309 django.server basehttp:212 "GET /api/notifications/ HTTP/1.1" 200 455
INFO 2026-09-25 13:27:18,005 django.server basehttp:212 "GET /api/course-codes/?user_dept_id=59&program_id=6543 HTTP/1.1" 200 3212
INFO 2026-09-25 13:27:18,023 django.server basehttp:212 "POST /cod/ HTTP/1.1" 200 62
ERROR 2026-09-25 13:27:18,152 django.server basehttp:212 "POST /cod/ HTTP/1.1" 500 103934
INFO 2026-09-25 13:27:21,435 django.server basehttp:212 "GET /api/notifications/ HTTP/1.1" 200 547
INFO 2026-09-25 13:27:22,868 django.server basehttp:212 "POST /cod/ HTTP/1.1" 200 62
INFO 2026-09-25 13:27:27,103 django.server basehttp:212 "GET /api/notifications/ HTTP/1.1" 200 547
INFO 2026-09-25 13:27:32,122 django.server basehttp:212 "POST /cod/ HTTP/1.1" 200 630
INFO 2026-09-25 13:27:32,349 django.server basehttp:212 "POST /cod/ HTTP/1.1" 200 15388
INFO 2026-09-25 13:27:32,567 django.server basehttp:212 "GET /api/course-codes/?user_dept_id=59 HTTP/1.1" 200 511837
INFO 2026-09-25 13:27:39,271 django.server basehttp:212 "GET /api/notifications/ HTTP/1.1" 200 455
INFO 2026-09-25 13:27:58,935 django.server basehttp:212 "GET /cod/ HTTP/1.1" 200 658036
INFO 2026-09-25 13:27:59,275 django.server basehttp:212 "POST /cod/ HTTP/1.1" 200 37
INFO 2026-09-25 13:27:59,345 django.server basehttp:212 "GET /api/notifications/ HTTP/1.1" 200 547
INFO 2026-09-25 13:27:59,392 django.server basehttp:212 "POST /cod/ HTTP/1.1" 200 40
INFO 2026-09-25 13:27:59,407 django.server basehttp:212 "POST /cod/ HTTP/1.1" 200 35
INFO 2026-09-25 13:27:59,461 django.server basehttp:212 "POST /cod/ HTTP/1.1" 200 35
INFO 2026-09-25 13:27:59,470 django.server basehttp:212 "POST /cod/ HTTP/1.1" 200 35
INFO 2026-09-25 13:27:59,619 django.server basehttp:212 "GET /api/course-codes/?user_dept_id=59 HTTP/1.1" 200 511837
INFO 2026-09-25 13:28:21,482 django.server basehttp:212 "GET /api/notifications/ HTTP/1.1" 200 547
INFO 2026-09-25 13:28:33,675 django.server basehttp:212 "GET /api/notifications/ HTTP/1.1" 200 455
INFO 2026-09-25 13:29:21,518 django.server basehttp:212 "GET /api/notifications/ HTTP/1.1" 200 547
INFO 2026-09-25 13:29:29,417 django.server basehttp:212 "GET /api/notifications/ HTTP/1.1" 200 547
INFO 2026-09-25 13:29:38,319 django.server basehttp:212 "GET /api/notifications/ HTTP/1.1" 200 455
INFO 2026-09-25 13:30:21,700 django.server basehttp:212 "GET /api/notifications/ HTTP/1.1" 200 547
INFO 2026-09-25 13:30:31,609 django.server basehttp:212 "GET /api/notifications/ HTTP/1.1" 200 455
INFO 2026-09-25 13:30:59,441 django.server basehttp:212 "GET /api/notifications/ HTTP/1.1" 200 547
INFO 2026-09-25 13:31:21,850 django.server basehttp:212 "GET /api/notifications/ HTTP/1.1" 200 547
INFO 2026-09-25 13:31:32,343 django.server basehttp:212 "GET /api/notifications/ HTTP/1.1" 200 455
INFO 2026-09-25 13:32:21,881 django.server basehttp:212 "GET /api/notifications/ HTTP/1.1" 200 547
INFO 2026-09-25 13:32:29,486 django.server basehttp:212 "GET /api/notifications/ HTTP/1.1" 200 547
INFO 2026-09-25 13:32:31,152 django.server basehttp:212 "GET /api/notifications/ HTTP/1.1" 200 455
INFO 2026-09-25 13:33:22,031 django.server basehttp:212 "GET /api/notifications/ HTTP/1.1" 200 547
INFO 2026-09-25 13:33:31,888 django.server basehttp:212 "GET /api/notifications/ HTTP/1.1" 200 455
INFO 2026-09-25 13:33:59,424 django.server basehttp:212 "GET /api/notifications/ HTTP/1.1" 200 547
INFO 2026-09-25 13:34:22,078 django.server basehttp:212 "GET /api/notifications/ HTTP/1.1" 200 547
INFO 2026-09-25 13:34:31,661 django.server basehttp:212 "GET /api/notifications/ HTTP/1.1" 200 455
INFO 2026-09-25 13:35:22,118 django.server basehttp:212 "GET /api/notifications/ HTTP/1.1" 200 547
INFO 2026-09-25 13:35:29,515 django.server basehttp:212 "GET /api/notifications/ HTTP/1.1" 200 547
INFO 2026-09-25 13:35:31,327 django.server basehttp:212 "GET /api/notifications/ HTTP/1.1" 200 455
INFO 2026-09-25 13:36:22,159 django.server basehttp:212 "GET /api/notifications/ HTTP/1.1" 200 547
INFO 2026-09-25 13:36:31,456 django.server basehttp:212 "GET /api/notifications/ HTTP/1.1" 200 455
INFO 2026-09-25 13:36:59,416 django.server basehttp:212 "GET /api/notifications/ HTTP/1.1" 200 547
INFO 2026-09-25 13:37:22,201 django.server basehttp:212 "GET /api/notifications/ HTTP/1.1" 200 547
INFO 2026-09-25 13:37:31,899 django.server basehttp:212 "GET /api/notifications/ HTTP/1.1" 200 455
INFO 2026-09-25 13:38:22,239 django.server basehttp:212 "GET /api/notifications/ HTTP/1.1" 200 547
INFO 2026-09-25 13:38:29,381 django.server basehttp:212 "GET /api/notifications/ HTTP/1.1" 200 547
INFO 2026-09-25 13:38:31,830 django.server basehttp:212 "GET /api/notifications/ HTTP/1.1" 200 455
INFO 2026-09-25 13:39:22,282 django.server basehttp:212 "GET /api/notifications/ HTTP/1.1" 200 547
INFO 2026-09-25 13:39:31,804 django.server basehttp:212 "GET /api/notifications/ HTTP/1.1" 200 455
INFO 2026-09-25 13:39:59,462 django.server basehttp:212 "GET /api/notifications/ HTTP/1.1" 200 547
INFO 2026-09-25 13:40:22,323 django.server basehttp:212 "GET /api/notifications/ HTTP/1.1" 200 547
INFO 2026-09-25 13:40:33,691 django.server basehttp:212 "GET /api/notifications/ HTTP/1.1" 200 455
INFO 2026-09-25 13:41:22,364 django.server basehttp:212 "GET /api/notifications/ HTTP/1.1" 200 547
INFO 2026-09-25 13:41:29,393 django.server basehttp:212 "GET /api/notifications/ HTTP/1.1" 200 547
INFO 2026-09-25 13:41:46,567 django.server basehttp:212 "GET /api/notifications/ HTTP/1.1" 200 455
INFO 2026-09-25 13:42:22,414 django.server basehttp:212 "GET /api/notifications/ HTTP/1.1" 200 547
INFO 2026-09-25 13:42:59,308 django.server basehttp:212 "GET /api/notifications/ HTTP/1.1" 200 547
INFO 2026-09-25 13:43:01,286 django.server basehttp:212 "GET /api/notifications/ HTTP/1.1" 200 455
INFO 2026-09-25 13:43:23,526 django.server basehttp:212 "GET /api/notifications/ HTTP/1.1" 200 547
INFO 2026-09-25 13:43:53,203 django.server basehttp:212 "GET /api/notifications/ HTTP/1.1" 200 455
INFO 2026-09-25 13:44:24,398 django.server basehttp:212 "GET /api/notifications/ HTTP/1.1" 200 547
INFO 2026-09-25 13:44:29,193 django.server basehttp:212 "GET /api/notifications/ HTTP/1.1" 200 547
INFO 2026-09-25 13:44:54,441 django.server basehttp:212 "GET /api/notifications/ HTTP/1.1" 200 455
INFO 2026-09-25 13:45:25,627 django.server basehttp:212 "GET /api/notifications/ HTTP/1.1" 200 547
INFO 2026-09-25 13:45:59,298 django.server basehttp:212 "GET /api/notifications/ HTTP/1.1" 200 547
INFO 2026-09-25 13:46:09,642 django.server basehttp:212 "GET /api/notifications/ HTTP/1.1" 200 455
INFO 2026-09-25 13:46:26,420 django.server basehttp:212 "GET /api/notifications/ HTTP/1.1" 200 547
INFO 2026-09-25 13:46:57,905 django.server basehttp:212 "GET /api/notifications/ HTTP/1.1" 200 455
INFO 2026-09-25 13:47:20,916 django.utils.autoreload autoreload:265 /home/dravis/Downloads/chuka_timetabling/api/course_codes_api.py changed, reloading.
INFO 2026-09-25 13:47:25,188 django.utils.autoreload autoreload:667 Watching for file changes with StatReloader
INFO 2026-09-25 13:47:57,655 django.utils.autoreload autoreload:265 /home/dravis/Downloads/chuka_timetabling/api/urls.py changed, reloading.
INFO 2026-09-25 13:48:03,072 django.utils.autoreload autoreload:667 Watching for file changes with StatReloader
INFO 2026-09-25 13:48:28,392 django.server basehttp:212 "GET /api/notifications/ HTTP/1.1" 200 547
INFO 2026-09-25 13:48:59,197 django.server basehttp:212 "GET /api/notifications/ HTTP/1.1" 200 547
INFO 2026-09-25 13:49:29,507 django.server basehttp:212 "GET /api/notifications/ HTTP/1.1" 200 547
INFO 2026-09-25 13:49:43,222 django.server basehttp:212 "GET /api/notifications/ HTTP/1.1" 200 455
INFO 2026-09-25 13:50:29,303 django.server basehttp:212 "GET /api/notifications/ HTTP/1.1" 200 547
INFO 2026-09-25 13:50:30,395 django.server basehttp:212 "GET /api/notifications/ HTTP/1.1" 200 547
INFO 2026-09-25 13:50:42,898 django.server basehttp:212 "GET /api/notifications/ HTTP/1.1" 200 455
INFO 2026-09-25 13:51:31,495 django.server basehttp:212 "GET /api/notifications/ HTTP/1.1" 200 547
INFO 2026-09-25 13:51:49,779 django.server basehttp:212 "GET /api/notifications/ HTTP/1.1" 200 455
INFO 2026-09-25 13:51:59,268 django.server basehttp:212 "GET /api/notifications/ HTTP/1.1" 200 547
INFO 2026-09-25 13:52:32,518 django.server basehttp:212 "GET /api/notifications/ HTTP/1.1" 200 547
INFO 2026-09-25 13:52:32,704 django.server basehttp:212 "GET /api/notifications/ HTTP/1.1" 200 455
INFO 2026-09-25 13:53:29,341 django.server basehttp:212 "GET /api/notifications/ HTTP/1.1" 200 547
INFO 2026-09-25 13:53:33,384 django.server basehttp:212 "GET /api/notifications/ HTTP/1.1" 200 547
INFO 2026-09-25 13:53:40,287 django.server basehttp:212 "GET /api/notifications/ HTTP/1.1" 200 455
INFO 2026-09-25 13:54:34,423 django.server basehttp:212 "GET /api/notifications/ HTTP/1.1" 200 547
INFO 2026-09-25 13:54:56,052 django.server basehttp:212 "GET /api/notifications/ HTTP/1.1" 200 455
INFO 2026-09-25 13:54:59,199 django.server basehttp:212 "GET /api/notifications/ HTTP/1.1" 200 547
INFO 2026-09-25 13:55:35,531 django.server basehttp:212 "GET /api/notifications/ HTTP/1.1" 200 547
INFO 2026-09-25 13:55:55,139 django.server basehttp:212 "GET /api/notifications/ HTTP/1.1" 200 455
INFO 2026-09-25 13:56:29,225 django.server basehttp:212 "GET /api/notifications/ HTTP/1.1" 200 547
INFO 2026-09-25 13:56:36,394 django.server basehttp:212 "GET /api/notifications/ HTTP/1.1" 200 547
INFO 2026-09-25 13:56:56,480 django.server basehttp:212 "GET /api/notifications/ HTTP/1.1" 200 455
INFO 2026-09-25 13:57:37,399 django.server basehttp:212 "GET /api/notifications/ HTTP/1.1" 200 547
INFO 2026-09-25 13:57:45,891 django.server basehttp:212 "GET /api/notifications/ HTTP/1.1" 200 455
INFO 2026-09-25 13:57:59,267 django.server basehttp:212 "GET /api/notifications/ HTTP/1.1" 200 547
INFO 2026-09-25 13:58:38,392 django.server basehttp:212 "GET /api/notifications/ HTTP/1.1" 200 547
INFO 2026-09-25 13:58:46,027 django.server basehttp:212 "GET /api/notifications/ HTTP/1.1" 200 455
INFO 2026-09-25 13:59:29,192 django.server basehttp:212 "GET /api/notifications/ HTTP/1.1" 200 547
INFO 2026-09-25 13:59:36,588 django.server basehttp:212 "GET /api/notifications/ HTTP/1.1" 200 455
INFO 2026-09-25 13:59:39,413 django.server basehttp:212 "GET /api/notifications/ HTTP/1.1" 200 547
INFO 2026-09-25 14:00:29,879 django.utils.autoreload autoreload:265 /home/dravis/Downloads/chuka_timetabling/timetable/analysis_reports.py changed, reloading.
INFO 2026-09-25 14:00:32,783 django.utils.autoreload autoreload:667 Watching for file changes with StatReloader
INFO 2026-09-25 14:00:40,429 django.server basehttp:212 "GET /api/notifications/ HTTP/1.1" 200 547
INFO 2026-09-25 14:00:59,204 django.server basehttp:212 "GET /api/notifications/ HTTP/1.1" 200 547
INFO 2026-09-25 14:01:03,530 django.server basehttp:212 "GET /timetable/analysis/ HTTP/1.1" 200 282115
INFO 2026-09-25 14:01:03,733 django.server basehttp:212 "GET /timetable/analysis/allocation-sets/ HTTP/1.1" 200 2450
INFO 2026-09-25 14:01:09,125 django.server basehttp:212 "GET /timetable/analysis/summary-api/?scope=timetable HTTP/1.1" 200 255
INFO 2026-09-25 14:01:21,027 django.server basehttp:212 "GET /timetable/analysis/quick-search/?q=agri%2000271&scope=timetable HTTP/1.1" 200 76
INFO 2026-09-25 14:01:34,173 django.server basehttp:212 "GET /api/notifications/ HTTP/1.1" 200 455
INFO 2026-09-25 14:01:34,556 django.server basehttp:212 "GET /timetable/analysis/quick-search/?q=cosc110&scope=timetable HTTP/1.1" 200 73
INFO 2026-09-25 14:01:39,748 django.server basehttp:212 "GET /timetable/analysis/quick-search/?q=cosc%20110&scope=timetable HTTP/1.1" 200 272
INFO 2026-09-25 14:01:41,455 django.server basehttp:212 "GET /api/notifications/ HTTP/1.1" 200 547
INFO 2026-09-25 14:01:51,152 django.server basehttp:212 "GET /timetable/analysis/quick-search/?q=masi&scope=timetable HTTP/1.1" 200 403
INFO 2026-09-25 14:02:12,996 django.server basehttp:212 "GET /timetable/analysis/quick-search/?q=m&scope=timetable HTTP/1.1" 200 67
INFO 2026-09-25 14:02:20,845 django.server basehttp:212 "GET /timetable/analysis/quick-search/?q=ma&scope=timetable HTTP/1.1" 200 19195
INFO 2026-09-25 14:02:29,186 django.server basehttp:212 "GET /api/notifications/ HTTP/1.1" 200 547
INFO 2026-09-25 14:02:32,818 django.server basehttp:212 "GET /api/notifications/ HTTP/1.1" 200 455
INFO 2026-09-25 14:02:36,894 django.server basehttp:212 "GET /timetable/analysis/quick-search/?q=grace&scope=timetable HTTP/1.1" 200 1752
INFO 2026-09-25 14:02:42,377 django.server basehttp:212 "GET /api/notifications/ HTTP/1.1" 200 547
INFO 2026-09-25 14:03:31,441 django.server basehttp:212 "GET /api/notifications/ HTTP/1.1" 200 455
INFO 2026-09-25 14:03:33,878 django.server basehttp:212 "GET /timetable/analysis/quick-search/?q=agri&scope=timetable HTTP/1.1" 200 10720
INFO 2026-09-25 14:03:43,418 django.server basehttp:212 "GET /api/notifications/ HTTP/1.1" 200 547
INFO 2026-09-25 14:03:59,214 django.server basehttp:212 "GET /api/notifications/ HTTP/1.1" 200 547
INFO 2026-09-25 14:04:30,701 django.server basehttp:212 "GET /api/notifications/ HTTP/1.1" 200 455
INFO 2026-09-25 14:04:44,377 django.server basehttp:212 "GET /api/notifications/ HTTP/1.1" 200 547
INFO 2026-09-25 14:05:29,261 django.server basehttp:212 "GET /api/notifications/ HTTP/1.1" 200 547
INFO 2026-09-25 14:05:30,934 django.server basehttp:212 "GET /api/notifications/ HTTP/1.1" 200 455
INFO 2026-09-25 14:05:45,403 django.server basehttp:212 "GET /api/notifications/ HTTP/1.1" 200 547
INFO 2026-09-25 14:06:30,088 django.server basehttp:212 "GET /api/notifications/ HTTP/1.1" 200 455
INFO 2026-09-25 14:06:46,408 django.server basehttp:212 "GET /api/notifications/ HTTP/1.1" 200 547
INFO 2026-09-25 14:06:59,181 django.server basehttp:212 "GET /api/notifications/ HTTP/1.1" 200 547
INFO 2026-09-25 14:07:29,849 django.server basehttp:212 "GET /api/notifications/ HTTP/1.1" 200 455
INFO 2026-09-25 14:07:47,411 django.server basehttp:212 "GET /api/notifications/ HTTP/1.1" 200 547
INFO 2026-09-25 14:08:29,291 django.server basehttp:212 "GET /api/notifications/ HTTP/1.1" 200 547
INFO 2026-09-25 14:08:30,578 django.server basehttp:212 "GET /api/notifications/ HTTP/1.1" 200 455
INFO 2026-09-25 14:08:48,376 django.server basehttp:212 "GET /api/notifications/ HTTP/1.1" 200 547
INFO 2026-09-25 14:09:30,850 django.server basehttp:212 "GET /api/notifications/ HTTP/1.1" 200 455
INFO 2026-09-25 14:09:49,417 django.server basehttp:212 "GET /api/notifications/ HTTP/1.1" 200 547
INFO 2026-09-25 14:09:59,177 django.server basehttp:212 "GET /api/notifications/ HTTP/1.1" 200 547
INFO 2026-09-25 14:10:30,141 django.server basehttp:212 "GET /api/notifications/ HTTP/1.1" 200 455
INFO 2026-09-25 14:10:50,411 django.server basehttp:212 "GET /api/notifications/ HTTP/1.1" 200 547
INFO 2026-09-25 14:11:29,290 django.server basehttp:212 "GET /api/notifications/ HTTP/1.1" 200 547
INFO 2026-09-25 14:11:30,121 django.server basehttp:212 "GET /api/notifications/ HTTP/1.1" 200 455
INFO 2026-09-25 14:11:51,405 django.server basehttp:212 "GET /api/notifications/ HTTP/1.1" 200 547
INFO 2026-09-25 14:12:29,766 django.server basehttp:212 "GET /api/notifications/ HTTP/1.1" 200 455
INFO 2026-09-25 14:12:52,417 django.server basehttp:212 "GET /api/notifications/ HTTP/1.1" 200 547
INFO 2026-09-25 14:12:59,177 django.server basehttp:212 "GET /api/notifications/ HTTP/1.1" 200 547
INFO 2026-09-25 14:13:31,158 django.server basehttp:212 "GET /api/notifications/ HTTP/1.1" 200 455
INFO 2026-09-25 14:13:53,400 django.server basehttp:212 "GET /api/notifications/ HTTP/1.1" 200 547
INFO 2026-09-25 14:14:29,285 django.server basehttp:212 "GET /api/notifications/ HTTP/1.1" 200 547
INFO 2026-09-25 14:14:30,690 django.server basehttp:212 "GET /api/notifications/ HTTP/1.1" 200 455
INFO 2026-09-25 14:14:54,407 django.server basehttp:212 "GET /api/notifications/ HTTP/1.1" 200 547
INFO 2026-09-25 14:15:29,153 django.server basehttp:212 "GET /api/notifications/ HTTP/1.1" 200 455
INFO 2026-09-25 14:15:55,378 django.server basehttp:212 "GET /api/notifications/ HTTP/1.1" 200 547
INFO 2026-09-25 14:15:59,175 django.server basehttp:212 "GET /api/notifications/ HTTP/1.1" 200 547
INFO 2026-09-25 14:16:28,524 django.server basehttp:212 "GET /api/notifications/ HTTP/1.1" 200 455
INFO 2026-09-25 14:16:56,376 django.server basehttp:212 "GET /api/notifications/ HTTP/1.1" 200 547
INFO 2026-09-25 14:17:29,286 django.server basehttp:212 "GET /api/notifications/ HTTP/1.1" 200 547
INFO 2026-09-25 14:17:30,144 django.server basehttp:212 "GET /api/notifications/ HTTP/1.1" 200 455
INFO 2026-09-25 14:17:57,383 django.server basehttp:212 "GET /api/notifications/ HTTP/1.1" 200 547
INFO 2026-09-25 14:18:40,725 django.server basehttp:212 "GET /api/notifications/ HTTP/1.1" 200 455
INFO 2026-09-25 14:18:58,403 django.server basehttp:212 "GET /api/notifications/ HTTP/1.1" 200 547
INFO 2026-09-25 14:18:59,208 django.server basehttp:212 "GET /api/notifications/ HTTP/1.1" 200 547
INFO 2026-09-25 14:19:30,356 django.server basehttp:212 "GET /timetable/analysis/quick-search/?q=agri%2000271&scope=timetable HTTP/1.1" 200 76
INFO 2026-09-25 14:19:31,404 django.server basehttp:212 "GET /api/notifications/ HTTP/1.1" 200 455
INFO 2026-09-25 14:19:50,587 django.server basehttp:212 "GET /timetable/analysis/quick-search/?q=agri%2000271&scope=timetable HTTP/1.1" 200 76
INFO 2026-09-25 14:19:59,394 django.server basehttp:212 "GET /api/notifications/ HTTP/1.1" 200 547
INFO 2026-09-25 14:20:16,172 django.server basehttp:212 "GET /timetable/analysis/quick-search/?q=agri%2000271&scope=timetable HTTP/1.1" 200 76
INFO 2026-09-25 14:20:29,268 django.server basehttp:212 "GET /api/notifications/ HTTP/1.1" 200 547
INFO 2026-09-25 14:20:32,308 django.server basehttp:212 "GET /api/notifications/ HTTP/1.1" 200 455
INFO 2026-09-25 14:21:00,420 django.server basehttp:212 "GET /api/notifications/ HTTP/1.1" 200 547
INFO 2026-09-25 14:21:28,703 django.server basehttp:212 "GET /api/notifications/ HTTP/1.1" 200 455
INFO 2026-09-25 14:21:59,208 django.server basehttp:212 "GET /api/notifications/ HTTP/1.1" 200 547
INFO 2026-09-25 14:22:01,539 django.server basehttp:212 "GET /api/notifications/ HTTP/1.1" 200 547
INFO 2026-09-25 14:22:28,752 django.server basehttp:212 "GET /api/notifications/ HTTP/1.1" 200 455
INFO 2026-09-25 14:23:02,486 django.server basehttp:212 "GET /api/notifications/ HTTP/1.1" 200 547
INFO 2026-09-25 14:23:28,677 django.server basehttp:212 "GET /api/notifications/ HTTP/1.1" 200 455
INFO 2026-09-25 14:23:29,206 django.server basehttp:212 "GET /api/notifications/ HTTP/1.1" 200 547
INFO 2026-09-25 14:24:03,507 django.server basehttp:212 "GET /api/notifications/ HTTP/1.1" 200 547
INFO 2026-09-25 14:24:29,204 django.server basehttp:212 "GET /api/notifications/ HTTP/1.1" 200 455
INFO 2026-09-25 15:15:54,809 django.server basehttp:212 "GET /api/notifications/ HTTP/1.1" 200 547
INFO 2026-09-25 15:16:00,086 django.server basehttp:212 "GET /api/notifications/ HTTP/1.1" 200 547
INFO 2026-09-25 15:16:35,222 django.server basehttp:212 "GET /api/notifications/ HTTP/1.1" 200 455
INFO 2026-09-25 15:17:01,104 django.server basehttp:212 "GET /api/notifications/ HTTP/1.1" 200 547
INFO 2026-09-25 15:17:24,795 django.server basehttp:212 "GET /api/notifications/ HTTP/1.1" 200 547
INFO 2026-09-25 15:17:34,700 django.server basehttp:212 "GET /api/notifications/ HTTP/1.1" 200 455
INFO 2026-09-25 15:18:02,117 django.server basehttp:212 "GET /api/notifications/ HTTP/1.1" 200 547
INFO 2026-09-25 15:18:34,874 django.server basehttp:212 "GET /api/notifications/ HTTP/1.1" 200 455
INFO 2026-09-25 15:18:54,803 django.server basehttp:212 "GET /api/notifications/ HTTP/1.1" 200 547
INFO 2026-09-25 15:19:03,022 django.server basehttp:212 "GET /api/notifications/ HTTP/1.1" 200 547
INFO 2026-09-25 15:19:34,315 django.server basehttp:212 "GET /api/notifications/ HTTP/1.1" 200 455
INFO 2026-09-25 15:20:04,008 django.server basehttp:212 "GET /api/notifications/ HTTP/1.1" 200 547
INFO 2026-09-25 15:20:24,845 django.server basehttp:212 "GET /api/notifications/ HTTP/1.1" 200 547
INFO 2026-09-25 15:20:34,812 django.server basehttp:212 "GET /api/notifications/ HTTP/1.1" 200 455
INFO 2026-09-25 15:21:05,001 django.server basehttp:212 "GET /api/notifications/ HTTP/1.1" 200 547
INFO 2026-09-25 15:21:35,002 django.server basehttp:212 "GET /api/notifications/ HTTP/1.1" 200 455
INFO 2026-09-25 15:21:54,802 django.server basehttp:212 "GET /api/notifications/ HTTP/1.1" 200 547
INFO 2026-09-25 15:22:05,983 django.server basehttp:212 "GET /api/notifications/ HTTP/1.1" 200 547
INFO 2026-09-25 15:22:28,972 django.server basehttp:212 "GET /api/notifications/ HTTP/1.1" 200 455
INFO 2026-09-25 15:23:06,980 django.server basehttp:212 "GET /api/notifications/ HTTP/1.1" 200 547
INFO 2026-09-25 15:23:23,744 django.server basehttp:212 "GET /api/notifications/ HTTP/1.1" 200 455
INFO 2026-09-25 15:23:24,773 django.server basehttp:212 "GET /api/notifications/ HTTP/1.1" 200 547
INFO 2026-09-25 15:24:08,108 django.server basehttp:212 "GET /api/notifications/ HTTP/1.1" 200 547
INFO 2026-09-25 15:24:24,090 django.server basehttp:212 "GET /api/notifications/ HTTP/1.1" 200 455
INFO 2026-09-25 15:24:54,802 django.server basehttp:212 "GET /api/notifications/ HTTP/1.1" 200 547
INFO 2026-09-25 15:25:08,979 django.server basehttp:212 "GET /api/notifications/ HTTP/1.1" 200 547
INFO 2026-09-25 15:25:24,030 django.server basehttp:212 "GET /api/notifications/ HTTP/1.1" 200 455
INFO 2026-09-25 15:26:10,103 django.server basehttp:212 "GET /api/notifications/ HTTP/1.1" 200 547
INFO 2026-09-25 15:26:23,763 django.server basehttp:212 "GET /api/notifications/ HTTP/1.1" 200 455
INFO 2026-09-25 15:26:24,801 django.server basehttp:212 "GET /api/notifications/ HTTP/1.1" 200 547
INFO 2026-09-25 15:27:10,975 django.server basehttp:212 "GET /api/notifications/ HTTP/1.1" 200 547
INFO 2026-09-25 15:27:23,590 django.server basehttp:212 "GET /api/notifications/ HTTP/1.1" 200 455
INFO 2026-09-25 15:27:54,803 django.server basehttp:212 "GET /api/notifications/ HTTP/1.1" 200 547
INFO 2026-09-25 15:28:12,026 django.server basehttp:212 "GET /api/notifications/ HTTP/1.1" 200 547
INFO 2026-09-25 15:28:23,945 django.server basehttp:212 "GET /api/notifications/ HTTP/1.1" 200 455
INFO 2026-09-25 15:29:12,982 django.server basehttp:212 "GET /api/notifications/ HTTP/1.1" 200 547
INFO 2026-09-25 15:29:23,756 django.server basehttp:212 "GET /api/notifications/ HTTP/1.1" 200 455
INFO 2026-09-25 15:29:24,783 django.server basehttp:212 "GET /api/notifications/ HTTP/1.1" 200 547
INFO 2026-09-25 15:30:13,983 django.server basehttp:212 "GET /api/notifications/ HTTP/1.1" 200 547
INFO 2026-09-25 15:30:24,055 django.server basehttp:212 "GET /api/notifications/ HTTP/1.1" 200 455
INFO 2026-09-25 15:30:54,795 django.server basehttp:212 "GET /api/notifications/ HTTP/1.1" 200 547
INFO 2026-09-25 15:31:14,986 django.server basehttp:212 "GET /api/notifications/ HTTP/1.1" 200 547
INFO 2026-09-25 15:31:23,537 django.server basehttp:212 "GET /api/notifications/ HTTP/1.1" 200 455
INFO 2026-09-25 15:32:16,113 django.server basehttp:212 "GET /api/notifications/ HTTP/1.1" 200 547
INFO 2026-09-25 15:32:23,794 django.server basehttp:212 "GET /api/notifications/ HTTP/1.1" 200 455
INFO 2026-09-25 15:32:24,824 django.server basehttp:212 "GET /api/notifications/ HTTP/1.1" 200 547
INFO 2026-09-25 15:33:17,019 django.server basehttp:212 "GET /api/notifications/ HTTP/1.1" 200 547
INFO 2026-09-25 15:33:24,091 django.server basehttp:212 "GET /api/notifications/ HTTP/1.1" 200 455
INFO 2026-09-25 15:33:54,796 django.server basehttp:212 "GET /api/notifications/ HTTP/1.1" 200 547
INFO 2026-09-25 15:34:17,979 django.server basehttp:212 "GET /api/notifications/ HTTP/1.1" 200 547
INFO 2026-09-25 15:34:23,982 django.server basehttp:212 "GET /api/notifications/ HTTP/1.1" 200 455
INFO 2026-09-25 15:35:18,976 django.server basehttp:212 "GET /api/notifications/ HTTP/1.1" 200 547
INFO 2026-09-25 15:35:23,910 django.server basehttp:212 "GET /api/notifications/ HTTP/1.1" 200 455
INFO 2026-09-25 15:35:24,801 django.server basehttp:212 "GET /api/notifications/ HTTP/1.1" 200 547
INFO 2026-09-25 15:36:19,976 django.server basehttp:212 "GET /api/notifications/ HTTP/1.1" 200 547
INFO 2026-09-25 15:36:23,996 django.server basehttp:212 "GET /api/notifications/ HTTP/1.1" 200 455
INFO 2026-09-25 15:36:54,804 django.server basehttp:212 "GET /api/notifications/ HTTP/1.1" 200 547
INFO 2026-09-25 15:37:20,976 django.server basehttp:212 "GET /api/notifications/ HTTP/1.1" 200 547
INFO 2026-09-25 15:37:23,823 django.server basehttp:212 "GET /api/notifications/ HTTP/1.1" 200 455
INFO 2026-09-25 15:38:21,972 django.server basehttp:212 "GET /api/notifications/ HTTP/1.1" 200 547
INFO 2026-09-25 15:38:24,330 django.server basehttp:212 "GET /api/notifications/ HTTP/1.1" 200 455
INFO 2026-09-25 15:38:24,800 django.server basehttp:212 "GET /api/notifications/ HTTP/1.1" 200 547
INFO 2026-09-25 15:39:23,113 django.server basehttp:212 "GET /api/notifications/ HTTP/1.1" 200 547
INFO 2026-09-25 15:39:23,840 django.server basehttp:212 "GET /api/notifications/ HTTP/1.1" 200 455
INFO 2026-09-25 15:39:54,806 django.server basehttp:212 "GET /api/notifications/ HTTP/1.1" 200 547
INFO 2026-09-25 15:40:23,893 django.server basehttp:212 "GET /api/notifications/ HTTP/1.1" 200 455
INFO 2026-09-25 15:40:23,992 django.server basehttp:212 "GET /api/notifications/ HTTP/1.1" 200 547
INFO 2026-09-25 15:41:24,052 django.server basehttp:212 "GET /api/notifications/ HTTP/1.1" 200 455
INFO 2026-09-25 15:41:24,798 django.server basehttp:212 "GET /api/notifications/ HTTP/1.1" 200 547
INFO 2026-09-25 15:41:25,002 django.server basehttp:212 "GET /api/notifications/ HTTP/1.1" 200 547
INFO 2026-09-25 15:42:23,809 django.server basehttp:212 "GET /api/notifications/ HTTP/1.1" 200 455
INFO 2026-09-25 15:42:25,993 django.server basehttp:212 "GET /api/notifications/ HTTP/1.1" 200 547
INFO 2026-09-25 15:42:54,777 django.server basehttp:212 "GET /api/notifications/ HTTP/1.1" 200 547
INFO 2026-09-25 15:43:23,753 django.server basehttp:212 "GET /api/notifications/ HTTP/1.1" 200 455
INFO 2026-09-25 15:43:26,992 django.server basehttp:212 "GET /api/notifications/ HTTP/1.1" 200 547
INFO 2026-09-25 15:44:24,217 django.server basehttp:212 "GET /api/notifications/ HTTP/1.1" 200 455
INFO 2026-09-25 15:44:24,795 django.server basehttp:212 "GET /api/notifications/ HTTP/1.1" 200 547
INFO 2026-09-25 15:44:28,000 django.server basehttp:212 "GET /api/notifications/ HTTP/1.1" 200 547
INFO 2026-09-25 15:45:23,689 django.server basehttp:212 "GET /api/notifications/ HTTP/1.1" 200 455
INFO 2026-09-25 15:45:28,969 django.server basehttp:212 "GET /api/notifications/ HTTP/1.1" 200 547
INFO 2026-09-25 15:45:54,805 django.server basehttp:212 "GET /api/notifications/ HTTP/1.1" 200 547
INFO 2026-09-25 15:46:23,775 django.server basehttp:212 "GET /api/notifications/ HTTP/1.1" 200 455
INFO 2026-09-25 15:46:30,001 django.server basehttp:212 "GET /api/notifications/ HTTP/1.1" 200 547
INFO 2026-09-25 15:47:23,791 django.server basehttp:212 "GET /api/notifications/ HTTP/1.1" 200 455
INFO 2026-09-25 15:47:24,803 django.server basehttp:212 "GET /api/notifications/ HTTP/1.1" 200 547
INFO 2026-09-25 15:47:31,002 django.server basehttp:212 "GET /api/notifications/ HTTP/1.1" 200 547
INFO 2026-09-25 15:48:23,714 django.server basehttp:212 "GET /api/notifications/ HTTP/1.1" 200 455
INFO 2026-09-25 15:48:31,998 django.server basehttp:212 "GET /api/notifications/ HTTP/1.1" 200 547
INFO 2026-09-25 15:48:54,802 django.server basehttp:212 "GET /api/notifications/ HTTP/1.1" 200 547
INFO 2026-09-25 15:49:23,914 django.server basehttp:212 "GET /api/notifications/ HTTP/1.1" 200 455
INFO 2026-09-25 15:49:33,003 django.server basehttp:212 "GET /api/notifications/ HTTP/1.1" 200 547
INFO 2026-09-25 15:50:24,115 django.server basehttp:212 "GET /api/notifications/ HTTP/1.1" 200 455
INFO 2026-09-25 15:50:24,801 django.server basehttp:212 "GET /api/notifications/ HTTP/1.1" 200 547
INFO 2026-09-25 15:50:34,002 django.server basehttp:212 "GET /api/notifications/ HTTP/1.1" 200 547
INFO 2026-09-25 15:51:23,999 django.server basehttp:212 "GET /api/notifications/ HTTP/1.1" 200 455
INFO 2026-09-25 15:51:34,995 django.server basehttp:212 "GET /api/notifications/ HTTP/1.1" 200 547
INFO 2026-09-25 15:51:54,798 django.server basehttp:212 "GET /api/notifications/ HTTP/1.1" 200 547
INFO 2026-09-25 15:52:23,885 django.server basehttp:212 "GET /api/notifications/ HTTP/1.1" 200 455
INFO 2026-09-25 15:52:36,001 django.server basehttp:212 "GET /api/notifications/ HTTP/1.1" 200 547
INFO 2026-09-25 15:53:24,140 django.server basehttp:212 "GET /api/notifications/ HTTP/1.1" 200 455
INFO 2026-09-25 15:53:24,800 django.server basehttp:212 "GET /api/notifications/ HTTP/1.1" 200 547
INFO 2026-09-25 15:53:36,974 django.server basehttp:212 "GET /api/notifications/ HTTP/1.1" 200 547
INFO 2026-09-25 15:54:23,913 django.server basehttp:212 "GET /api/notifications/ HTTP/1.1" 200 455
INFO 2026-09-25 15:54:37,998 django.server basehttp:212 "GET /api/notifications/ HTTP/1.1" 200 547
INFO 2026-09-25 15:54:54,800 django.server basehttp:212 "GET /api/notifications/ HTTP/1.1" 200 547
INFO 2026-09-25 15:55:24,006 django.server basehttp:212 "GET /api/notifications/ HTTP/1.1" 200 455
INFO 2026-09-25 15:55:39,004 django.server basehttp:212 "GET /api/notifications/ HTTP/1.1" 200 547
INFO 2026-09-25 15:56:23,532 django.server basehttp:212 "GET /api/notifications/ HTTP/1.1" 200 455
INFO 2026-09-25 15:56:24,772 django.server basehttp:212 "GET /api/notifications/ HTTP/1.1" 200 547
INFO 2026-09-25 15:56:40,000 django.server basehttp:212 "GET /api/notifications/ HTTP/1.1" 200 547
INFO 2026-09-25 15:57:23,539 django.server basehttp:212 "GET /api/notifications/ HTTP/1.1" 200 455
INFO 2026-09-25 15:57:40,994 django.server basehttp:212 "GET /api/notifications/ HTTP/1.1" 200 547
INFO 2026-09-25 15:57:54,799 django.server basehttp:212 "GET /api/notifications/ HTTP/1.1" 200 547
INFO 2026-09-25 15:58:23,831 django.server basehttp:212 "GET /api/notifications/ HTTP/1.1" 200 455
INFO 2026-09-25 15:58:41,968 django.server basehttp:212 "GET /api/notifications/ HTTP/1.1" 200 547
INFO 2026-09-25 15:59:23,640 django.server basehttp:212 "GET /api/notifications/ HTTP/1.1" 200 455
INFO 2026-09-25 15:59:24,801 django.server basehttp:212 "GET /api/notifications/ HTTP/1.1" 200 547
INFO 2026-09-25 15:59:42,996 django.server basehttp:212 "GET /api/notifications/ HTTP/1.1" 200 547
INFO 2026-09-25 16:00:23,996 django.server basehttp:212 "GET /api/notifications/ HTTP/1.1" 200 455
INFO 2026-09-25 16:00:44,001 django.server basehttp:212 "GET /api/notifications/ HTTP/1.1" 200 547
INFO 2026-09-25 16:00:54,805 django.server basehttp:212 "GET /api/notifications/ HTTP/1.1" 200 547
INFO 2026-09-25 16:01:23,811 django.server basehttp:212 "GET /api/notifications/ HTTP/1.1" 200 455
INFO 2026-09-25 16:01:44,994 django.server basehttp:212 "GET /api/notifications/ HTTP/1.1" 200 547
INFO 2026-09-25 16:02:23,940 django.server basehttp:212 "GET /api/notifications/ HTTP/1.1" 200 455
INFO 2026-09-25 16:02:24,794 django.server basehttp:212 "GET /api/notifications/ HTTP/1.1" 200 547
INFO 2026-09-25 16:02:46,003 django.server basehttp:212 "GET /api/notifications/ HTTP/1.1" 200 547
INFO 2026-09-25 16:03:24,206 django.server basehttp:212 "GET /api/notifications/ HTTP/1.1" 200 455
INFO 2026-09-25 16:03:47,005 django.server basehttp:212 "GET /api/notifications/ HTTP/1.1" 200 547
INFO 2026-09-25 16:03:54,776 django.server basehttp:212 "GET /api/notifications/ HTTP/1.1" 200 547
INFO 2026-09-25 16:04:23,848 django.server basehttp:212 "GET /api/notifications/ HTTP/1.1" 200 455
INFO 2026-09-25 16:04:47,998 django.server basehttp:212 "GET /api/notifications/ HTTP/1.1" 200 547
INFO 2026-09-25 16:05:23,459 django.server basehttp:212 "GET /api/notifications/ HTTP/1.1" 200 455
INFO 2026-09-25 16:05:24,800 django.server basehttp:212 "GET /api/notifications/ HTTP/1.1" 200 547
INFO 2026-09-25 16:05:49,001 django.server basehttp:212 "GET /api/notifications/ HTTP/1.1" 200 547
INFO 2026-09-25 16:06:23,748 django.server basehttp:212 "GET /api/notifications/ HTTP/1.1" 200 455
INFO 2026-09-25 16:06:50,000 django.server basehttp:212 "GET /api/notifications/ HTTP/1.1" 200 547
INFO 2026-09-25 16:06:54,803 django.server basehttp:212 "GET /api/notifications/ HTTP/1.1" 200 547
INFO 2026-09-25 16:07:23,946 django.server basehttp:212 "GET /api/notifications/ HTTP/1.1" 200 455
INFO 2026-09-25 16:07:51,003 django.server basehttp:212 "GET /api/notifications/ HTTP/1.1" 200 547
INFO 2026-09-25 16:08:23,734 django.server basehttp:212 "GET /api/notifications/ HTTP/1.1" 200 455
INFO 2026-09-25 16:08:24,775 django.server basehttp:212 "GET /api/notifications/ HTTP/1.1" 200 547
INFO 2026-09-25 16:08:51,994 django.server basehttp:212 "GET /api/notifications/ HTTP/1.1" 200 547
INFO 2026-09-25 16:09:23,734 django.server basehttp:212 "GET /api/notifications/ HTTP/1.1" 200 455
INFO 2026-09-25 16:09:53,003 django.server basehttp:212 "GET /api/notifications/ HTTP/1.1" 200 547
INFO 2026-09-25 16:09:54,808 django.server basehttp:212 "GET /api/notifications/ HTTP/1.1" 200 547
INFO 2026-09-25 16:10:23,887 django.server basehttp:212 "GET /api/notifications/ HTTP/1.1" 200 455
INFO 2026-09-25 16:10:54,003 django.server basehttp:212 "GET /api/notifications/ HTTP/1.1" 200 547
INFO 2026-09-25 16:11:23,813 django.server basehttp:212 "GET /api/notifications/ HTTP/1.1" 200 455
INFO 2026-09-25 16:11:24,815 django.server basehttp:212 "GET /api/notifications/ HTTP/1.1" 200 547
INFO 2026-09-25 16:11:54,975 django.server basehttp:212 "GET /api/notifications/ HTTP/1.1" 200 547
INFO 2026-09-25 16:12:23,838 django.server basehttp:212 "GET /api/notifications/ HTTP/1.1" 200 455
INFO 2026-09-25 16:12:54,802 django.server basehttp:212 "GET /api/notifications/ HTTP/1.1" 200 547
INFO 2026-09-25 16:12:56,015 django.server basehttp:212 "GET /api/notifications/ HTTP/1.1" 200 547
INFO 2026-09-25 16:13:24,130 django.server basehttp:212 "GET /api/notifications/ HTTP/1.1" 200 455
INFO 2026-09-25 16:13:57,091 django.server basehttp:212 "GET /api/notifications/ HTTP/1.1" 200 547
INFO 2026-09-25 16:14:23,941 django.server basehttp:212 "GET /api/notifications/ HTTP/1.1" 200 455
INFO 2026-09-25 16:14:24,775 django.server basehttp:212 "GET /api/notifications/ HTTP/1.1" 200 547
INFO 2026-09-25 16:14:58,106 django.server basehttp:212 "GET /api/notifications/ HTTP/1.1" 200 547
INFO 2026-09-25 16:15:23,633 django.server basehttp:212 "GET /api/notifications/ HTTP/1.1" 200 455
INFO 2026-09-25 16:15:54,798 django.server basehttp:212 "GET /api/notifications/ HTTP/1.1" 200 547
INFO 2026-09-25 16:15:59,108 django.server basehttp:212 "GET /api/notifications/ HTTP/1.1" 200 547
INFO 2026-09-25 16:16:23,847 django.server basehttp:212 "GET /api/notifications/ HTTP/1.1" 200 455
INFO 2026-09-25 16:17:00,113 django.server basehttp:212 "GET /api/notifications/ HTTP/1.1" 200 547
INFO 2026-09-25 16:17:24,787 django.server basehttp:212 "GET /api/notifications/ HTTP/1.1" 200 547
INFO 2026-09-25 16:17:31,053 django.server basehttp:212 "GET /api/notifications/ HTTP/1.1" 200 455
INFO 2026-09-25 16:18:01,079 django.server basehttp:212 "GET /api/notifications/ HTTP/1.1" 200 547
INFO 2026-09-25 16:18:35,415 django.server basehttp:212 "GET /api/notifications/ HTTP/1.1" 200 455
INFO 2026-09-25 16:18:54,806 django.server basehttp:212 "GET /api/notifications/ HTTP/1.1" 200 547
INFO 2026-09-25 16:19:02,077 django.server basehttp:212 "GET /api/notifications/ HTTP/1.1" 200 547
INFO 2026-09-25 16:19:36,203 django.server basehttp:212 "GET /api/notifications/ HTTP/1.1" 200 455
INFO 2026-09-25 16:20:02,995 django.server basehttp:212 "GET /api/notifications/ HTTP/1.1" 200 547
INFO 2026-09-25 16:20:24,797 django.server basehttp:212 "GET /api/notifications/ HTTP/1.1" 200 547
INFO 2026-09-25 16:20:35,240 django.server basehttp:212 "GET /api/notifications/ HTTP/1.1" 200 455
INFO 2026-09-25 16:21:03,997 django.server basehttp:212 "GET /api/notifications/ HTTP/1.1" 200 547
INFO 2026-09-25 16:21:35,706 django.server basehttp:212 "GET /api/notifications/ HTTP/1.1" 200 455
INFO 2026-09-25 16:21:54,810 django.server basehttp:212 "GET /api/notifications/ HTTP/1.1" 200 547
INFO 2026-09-25 16:22:04,991 django.server basehttp:212 "GET /api/notifications/ HTTP/1.1" 200 547
INFO 2026-09-25 16:22:36,422 django.server basehttp:212 "GET /api/notifications/ HTTP/1.1" 200 455
INFO 2026-09-25 16:23:06,000 django.server basehttp:212 "GET /api/notifications/ HTTP/1.1" 200 547
INFO 2026-09-25 16:23:24,793 django.server basehttp:212 "GET /api/notifications/ HTTP/1.1" 200 547
INFO 2026-09-25 16:23:35,708 django.server basehttp:212 "GET /api/notifications/ HTTP/1.1" 200 455
INFO 2026-09-25 16:24:07,921 django.server basehttp:212 "GET /api/notifications/ HTTP/1.1" 200 547
INFO 2026-09-25 16:24:37,111 django.server basehttp:212 "GET /api/notifications/ HTTP/1.1" 200 455
INFO 2026-09-25 16:24:55,728 django.server basehttp:212 "GET /api/notifications/ HTTP/1.1" 200 547
INFO 2026-09-25 16:25:08,904 django.server basehttp:212 "GET /api/notifications/ HTTP/1.1" 200 547
INFO 2026-09-25 16:25:38,976 django.server basehttp:212 "GET /api/notifications/ HTTP/1.1" 200 455
INFO 2026-09-25 16:26:09,917 django.server basehttp:212 "GET /api/notifications/ HTTP/1.1" 200 547
INFO 2026-09-25 16:26:25,712 django.server basehttp:212 "GET /api/notifications/ HTTP/1.1" 200 547
INFO 2026-09-25 16:26:35,566 django.server basehttp:212 "GET /api/notifications/ HTTP/1.1" 200 455
INFO 2026-09-25 16:27:10,915 django.server basehttp:212 "GET /api/notifications/ HTTP/1.1" 200 547
INFO 2026-09-25 16:27:36,305 django.server basehttp:212 "GET /api/notifications/ HTTP/1.1" 200 455
INFO 2026-09-25 16:27:55,723 django.server basehttp:212 "GET /api/notifications/ HTTP/1.1" 200 547
INFO 2026-09-25 16:28:11,912 django.server basehttp:212 "GET /api/notifications/ HTTP/1.1" 200 547
INFO 2026-09-25 16:28:37,247 django.server basehttp:212 "GET /api/notifications/ HTTP/1.1" 200 455
INFO 2026-09-25 16:29:13,079 django.server basehttp:212 "GET /api/notifications/ HTTP/1.1" 200 547
INFO 2026-09-25 16:29:25,731 django.server basehttp:212 "GET /api/notifications/ HTTP/1.1" 200 547
INFO 2026-09-25 16:29:36,397 django.server basehttp:212 "GET /api/notifications/ HTTP/1.1" 200 455
INFO 2026-09-25 16:30:14,048 django.server basehttp:212 "GET /api/notifications/ HTTP/1.1" 200 547
INFO 2026-09-25 16:30:36,872 django.server basehttp:212 "GET /api/notifications/ HTTP/1.1" 200 455
INFO 2026-09-25 16:30:55,723 django.server basehttp:212 "GET /api/notifications/ HTTP/1.1" 200 547
INFO 2026-09-25 16:31:14,915 django.server basehttp:212 "GET /api/notifications/ HTTP/1.1" 200 547
INFO 2026-09-25 16:31:37,302 django.server basehttp:212 "GET /api/notifications/ HTTP/1.1" 200 455
INFO 2026-09-25 16:32:15,912 django.server basehttp:212 "GET /api/notifications/ HTTP/1.1" 200 547
INFO 2026-09-25 16:32:25,852 django.server basehttp:212 "GET /api/notifications/ HTTP/1.1" 200 547
INFO 2026-09-25 16:32:36,960 django.server basehttp:212 "GET /api/notifications/ HTTP/1.1" 200 455
INFO 2026-09-25 16:33:17,001 django.server basehttp:212 "GET /api/notifications/ HTTP/1.1" 200 547
INFO 2026-09-25 16:33:36,438 django.server basehttp:212 "GET /api/notifications/ HTTP/1.1" 200 455
INFO 2026-09-25 16:33:55,729 django.server basehttp:212 "GET /api/notifications/ HTTP/1.1" 200 547
INFO 2026-09-25 16:34:17,919 django.server basehttp:212 "GET /api/notifications/ HTTP/1.1" 200 547
INFO 2026-09-25 16:34:36,653 django.server basehttp:212 "GET /api/notifications/ HTTP/1.1" 200 455
INFO 2026-09-25 16:35:18,931 django.server basehttp:212 "GET /api/notifications/ HTTP/1.1" 200 547
INFO 2026-09-25 16:35:25,752 django.server basehttp:212 "GET /api/notifications/ HTTP/1.1" 200 547
INFO 2026-09-25 16:35:36,477 django.server basehttp:212 "GET /api/notifications/ HTTP/1.1" 200 455
INFO 2026-09-25 16:36:20,029 django.server basehttp:212 "GET /api/notifications/ HTTP/1.1" 200 547
INFO 2026-09-25 16:36:35,815 django.server basehttp:212 "GET /api/notifications/ HTTP/1.1" 200 455
INFO 2026-09-25 16:36:55,721 django.server basehttp:212 "GET /api/notifications/ HTTP/1.1" 200 547
INFO 2026-09-25 16:37:20,915 django.server basehttp:212 "GET /api/notifications/ HTTP/1.1" 200 547
INFO 2026-09-25 16:37:37,397 django.server basehttp:212 "GET /api/notifications/ HTTP/1.1" 200 455
INFO 2026-09-25 16:38:21,918 django.server basehttp:212 "GET /api/notifications/ HTTP/1.1" 200 547
INFO 2026-09-25 16:38:25,712 django.server basehttp:212 "GET /api/notifications/ HTTP/1.1" 200 547
INFO 2026-09-25 16:38:37,282 django.server basehttp:212 "GET /api/notifications/ HTTP/1.1" 200 455
INFO 2026-09-25 16:39:22,904 django.server basehttp:212 "GET /api/notifications/ HTTP/1.1" 200 547
INFO 2026-09-25 16:39:36,973 django.server basehttp:212 "GET /api/notifications/ HTTP/1.1" 200 455
INFO 2026-09-25 16:39:55,722 django.server basehttp:212 "GET /api/notifications/ HTTP/1.1" 200 547
INFO 2026-09-25 16:40:23,968 django.server basehttp:212 "GET /api/notifications/ HTTP/1.1" 200 547
INFO 2026-09-25 16:40:36,723 django.server basehttp:212 "GET /api/notifications/ HTTP/1.1" 200 455
INFO 2026-09-25 16:41:25,020 django.server basehttp:212 "GET /api/notifications/ HTTP/1.1" 200 547
INFO 2026-09-25 16:41:25,713 django.server basehttp:212 "GET /api/notifications/ HTTP/1.1" 200 547
INFO 2026-09-25 16:41:36,138 django.server basehttp:212 "GET /api/notifications/ HTTP/1.1" 200 455
INFO 2026-09-25 16:42:25,970 django.server basehttp:212 "GET /api/notifications/ HTTP/1.1" 200 547
INFO 2026-09-25 16:42:36,620 django.server basehttp:212 "GET /api/notifications/ HTTP/1.1" 200 455
INFO 2026-09-25 16:42:55,724 django.server basehttp:212 "GET /api/notifications/ HTTP/1.1" 200 547
INFO 2026-09-25 16:43:26,923 django.server basehttp:212 "GET /api/notifications/ HTTP/1.1" 200 547
INFO 2026-09-25 16:43:37,157 django.server basehttp:212 "GET /api/notifications/ HTTP/1.1" 200 455
INFO 2026-09-25 16:44:25,779 django.server basehttp:212 "GET /api/notifications/ HTTP/1.1" 200 547
INFO 2026-09-25 16:44:27,910 django.server basehttp:212 "GET /api/notifications/ HTTP/1.1" 200 547
INFO 2026-09-25 16:44:36,846 django.server basehttp:212 "GET /api/notifications/ HTTP/1.1" 200 455
INFO 2026-09-25 16:45:28,982 django.server basehttp:212 "GET /api/notifications/ HTTP/1.1" 200 547
INFO 2026-09-25 16:45:36,613 django.server basehttp:212 "GET /api/notifications/ HTTP/1.1" 200 455
INFO 2026-09-25 16:45:55,703 django.server basehttp:212 "GET /api/notifications/ HTTP/1.1" 200 547
INFO 2026-09-25 16:46:29,906 django.server basehttp:212 "GET /api/notifications/ HTTP/1.1" 200 547
INFO 2026-09-25 16:46:36,550 django.server basehttp:212 "GET /api/notifications/ HTTP/1.1" 200 455
INFO 2026-09-25 16:47:25,712 django.server basehttp:212 "GET /api/notifications/ HTTP/1.1" 200 547
INFO 2026-09-25 16:47:30,913 django.server basehttp:212 "GET /api/notifications/ HTTP/1.1" 200 547
INFO 2026-09-25 16:47:36,157 django.server basehttp:212 "GET /api/notifications/ HTTP/1.1" 200 455
INFO 2026-09-25 16:48:31,910 django.server basehttp:212 "GET /api/notifications/ HTTP/1.1" 200 547
INFO 2026-09-25 16:48:37,356 django.server basehttp:212 "GET /api/notifications/ HTTP/1.1" 200 455
INFO 2026-09-25 16:48:55,725 django.server basehttp:212 "GET /api/notifications/ HTTP/1.1" 200 547
INFO 2026-09-25 16:49:32,906 django.server basehttp:212 "GET /api/notifications/ HTTP/1.1" 200 547
INFO 2026-09-25 16:49:36,697 django.server basehttp:212 "GET /api/notifications/ HTTP/1.1" 200 455
INFO 2026-09-25 16:50:25,720 django.server basehttp:212 "GET /api/notifications/ HTTP/1.1" 200 547
INFO 2026-09-25 16:50:34,036 django.server basehttp:212 "GET /api/notifications/ HTTP/1.1" 200 547
INFO 2026-09-25 16:50:36,408 django.server basehttp:212 "GET /api/notifications/ HTTP/1.1" 200 455
INFO 2026-09-25 16:51:35,016 django.server basehttp:212 "GET /api/notifications/ HTTP/1.1" 200 547
INFO 2026-09-25 16:51:36,405 django.server basehttp:212 "GET /api/notifications/ HTTP/1.1" 200 455
INFO 2026-09-25 16:51:55,722 django.server basehttp:212 "GET /api/notifications/ HTTP/1.1" 200 547
INFO 2026-09-25 16:52:36,076 django.server basehttp:212 "GET /api/notifications/ HTTP/1.1" 200 547
INFO 2026-09-25 16:52:36,778 django.server basehttp:212 "GET /api/notifications/ HTTP/1.1" 200 455
INFO 2026-09-25 16:53:25,780 django.server basehttp:212 "GET /api/notifications/ HTTP/1.1" 200 547
INFO 2026-09-25 16:53:36,164 django.server basehttp:212 "GET /api/notifications/ HTTP/1.1" 200 455
INFO 2026-09-25 16:53:36,921 django.server basehttp:212 "GET /api/notifications/ HTTP/1.1" 200 547
INFO 2026-09-25 16:54:36,286 django.server basehttp:212 "GET /api/notifications/ HTTP/1.1" 200 455
INFO 2026-09-25 16:54:37,919 django.server basehttp:212 "GET /api/notifications/ HTTP/1.1" 200 547
INFO 2026-09-25 16:54:55,719 django.server basehttp:212 "GET /api/notifications/ HTTP/1.1" 200 547
INFO 2026-09-25 16:55:36,722 django.server basehttp:212 "GET /api/notifications/ HTTP/1.1" 200 455
INFO 2026-09-25 16:55:38,919 django.server basehttp:212 "GET /api/notifications/ HTTP/1.1" 200 547
INFO 2026-09-25 16:56:25,712 django.server basehttp:212 "GET /api/notifications/ HTTP/1.1" 200 547
INFO 2026-09-25 16:56:37,347 django.server basehttp:212 "GET /api/notifications/ HTTP/1.1" 200 455
INFO 2026-09-25 16:56:39,921 django.server basehttp:212 "GET /api/notifications/ HTTP/1.1" 200 547
INFO 2026-09-25 16:57:35,549 django.server basehttp:212 "GET /api/notifications/ HTTP/1.1" 200 455
INFO 2026-09-25 16:57:40,923 django.server basehttp:212 "GET /api/notifications/ HTTP/1.1" 200 547
INFO 2026-09-25 16:57:55,728 django.server basehttp:212 "GET /api/notifications/ HTTP/1.1" 200 547
INFO 2026-09-25 16:58:36,813 django.server basehttp:212 "GET /api/notifications/ HTTP/1.1" 200 455
INFO 2026-09-25 16:58:41,919 django.server basehttp:212 "GET /api/notifications/ HTTP/1.1" 200 547
INFO 2026-09-25 16:59:25,783 django.server basehttp:212 "GET /api/notifications/ HTTP/1.1" 200 547
INFO 2026-09-25 16:59:37,020 django.server basehttp:212 "GET /api/notifications/ HTTP/1.1" 200 455
INFO 2026-09-25 16:59:42,919 django.server basehttp:212 "GET /api/notifications/ HTTP/1.1" 200 547
INFO 2026-09-25 17:00:36,505 django.server basehttp:212 "GET /api/notifications/ HTTP/1.1" 200 455
INFO 2026-09-25 17:00:43,934 django.server basehttp:212 "GET /api/notifications/ HTTP/1.1" 200 547
INFO 2026-09-25 17:00:55,737 django.server basehttp:212 "GET /api/notifications/ HTTP/1.1" 200 547
INFO 2026-09-25 17:01:37,506 django.server basehttp:212 "GET /api/notifications/ HTTP/1.1" 200 455
INFO 2026-09-25 17:01:44,935 django.server basehttp:212 "GET /api/notifications/ HTTP/1.1" 200 547
INFO 2026-09-25 17:02:25,787 django.server basehttp:212 "GET /api/notifications/ HTTP/1.1" 200 547
INFO 2026-09-25 17:02:36,612 django.server basehttp:212 "GET /api/notifications/ HTTP/1.1" 200 455
INFO 2026-09-25 17:02:45,935 django.server basehttp:212 "GET /api/notifications/ HTTP/1.1" 200 547
INFO 2026-09-25 17:03:36,385 django.server basehttp:212 "GET /api/notifications/ HTTP/1.1" 200 455
INFO 2026-09-25 17:03:46,922 django.server basehttp:212 "GET /api/notifications/ HTTP/1.1" 200 547
INFO 2026-09-25 17:03:55,734 django.server basehttp:212 "GET /api/notifications/ HTTP/1.1" 200 547
INFO 2026-09-25 17:04:36,492 django.server basehttp:212 "GET /api/notifications/ HTTP/1.1" 200 455
INFO 2026-09-25 17:04:47,919 django.server basehttp:212 "GET /api/notifications/ HTTP/1.1" 200 547
INFO 2026-09-25 17:05:25,784 django.server basehttp:212 "GET /api/notifications/ HTTP/1.1" 200 547
INFO 2026-09-25 17:05:36,581 django.server basehttp:212 "GET /api/notifications/ HTTP/1.1" 200 455
INFO 2026-09-25 17:05:48,924 django.server basehttp:212 "GET /api/notifications/ HTTP/1.1" 200 547
INFO 2026-09-25 17:06:36,610 django.server basehttp:212 "GET /api/notifications/ HTTP/1.1" 200 455
INFO 2026-09-25 17:06:49,931 django.server basehttp:212 "GET /api/notifications/ HTTP/1.1" 200 547
INFO 2026-09-25 17:06:55,722 django.server basehttp:212 "GET /api/notifications/ HTTP/1.1" 200 547
INFO 2026-09-25 17:07:37,205 django.server basehttp:212 "GET /api/notifications/ HTTP/1.1" 200 455
INFO 2026-09-25 17:07:50,924 django.server basehttp:212 "GET /api/notifications/ HTTP/1.1" 200 547
INFO 2026-09-25 17:08:25,764 django.server basehttp:212 "GET /api/notifications/ HTTP/1.1" 200 547
INFO 2026-09-25 17:08:36,900 django.server basehttp:212 "GET /api/notifications/ HTTP/1.1" 200 455
INFO 2026-09-25 17:08:51,924 django.server basehttp:212 "GET /api/notifications/ HTTP/1.1" 200 547
INFO 2026-09-25 17:09:36,717 django.server basehttp:212 "GET /api/notifications/ HTTP/1.1" 200 455
INFO 2026-09-25 17:09:52,919 django.server basehttp:212 "GET /api/notifications/ HTTP/1.1" 200 547
INFO 2026-09-25 17:09:55,724 django.server basehttp:212 "GET /api/notifications/ HTTP/1.1" 200 547
INFO 2026-09-25 17:10:36,998 django.server basehttp:212 "GET /api/notifications/ HTTP/1.1" 200 455
INFO 2026-09-25 17:10:53,921 django.server basehttp:212 "GET /api/notifications/ HTTP/1.1" 200 547
INFO 2026-09-25 17:11:25,814 django.server basehttp:212 "GET /api/notifications/ HTTP/1.1" 200 547
INFO 2026-09-25 17:11:37,109 django.server basehttp:212 "GET /api/notifications/ HTTP/1.1" 200 455
INFO 2026-09-25 17:11:54,899 django.server basehttp:212 "GET /api/notifications/ HTTP/1.1" 200 547
INFO 2026-09-25 17:12:36,442 django.server basehttp:212 "GET /api/notifications/ HTTP/1.1" 200 455
INFO 2026-09-25 17:12:55,729 django.server basehttp:212 "GET /api/notifications/ HTTP/1.1" 200 547
INFO 2026-09-25 17:12:55,918 django.server basehttp:212 "GET /api/notifications/ HTTP/1.1" 200 547
INFO 2026-09-25 17:13:36,757 django.server basehttp:212 "GET /api/notifications/ HTTP/1.1" 200 455
INFO 2026-09-25 17:13:57,013 django.server basehttp:212 "GET /api/notifications/ HTTP/1.1" 200 547
INFO 2026-09-25 17:14:25,764 django.server basehttp:212 "GET /api/notifications/ HTTP/1.1" 200 547
INFO 2026-09-25 17:14:37,152 django.server basehttp:212 "GET /api/notifications/ HTTP/1.1" 200 455
INFO 2026-09-25 17:14:58,042 django.server basehttp:212 "GET /api/notifications/ HTTP/1.1" 200 547
INFO 2026-09-25 17:15:36,760 django.server basehttp:212 "GET /api/notifications/ HTTP/1.1" 200 455
INFO 2026-09-25 17:15:55,733 django.server basehttp:212 "GET /api/notifications/ HTTP/1.1" 200 547
INFO 2026-09-25 17:15:59,035 django.server basehttp:212 "GET /api/notifications/ HTTP/1.1" 200 547
INFO 2026-09-25 17:16:36,289 django.server basehttp:212 "GET /api/notifications/ HTTP/1.1" 200 455
INFO 2026-09-25 17:17:00,018 django.server basehttp:212 "GET /api/notifications/ HTTP/1.1" 200 547
INFO 2026-09-25 17:17:25,757 django.server basehttp:212 "GET /api/notifications/ HTTP/1.1" 200 547
INFO 2026-09-25 17:17:36,661 django.server basehttp:212 "GET /api/notifications/ HTTP/1.1" 200 455
INFO 2026-09-25 17:18:01,059 django.server basehttp:212 "GET /api/notifications/ HTTP/1.1" 200 547
INFO 2026-09-25 17:18:37,089 django.server basehttp:212 "GET /api/notifications/ HTTP/1.1" 200 455
INFO 2026-09-25 17:18:55,724 django.server basehttp:212 "GET /api/notifications/ HTTP/1.1" 200 547
INFO 2026-09-25 17:19:02,018 django.server basehttp:212 "GET /api/notifications/ HTTP/1.1" 200 547
INFO 2026-09-25 17:19:37,082 django.server basehttp:212 "GET /api/notifications/ HTTP/1.1" 200 455
INFO 2026-09-25 17:20:03,003 django.server basehttp:212 "GET /api/notifications/ HTTP/1.1" 200 547
INFO 2026-09-25 17:20:25,714 django.server basehttp:212 "GET /api/notifications/ HTTP/1.1" 200 547
INFO 2026-09-25 17:20:36,230 django.server basehttp:212 "GET /api/notifications/ HTTP/1.1" 200 455
INFO 2026-09-25 17:21:03,922 django.server basehttp:212 "GET /api/notifications/ HTTP/1.1" 200 547
INFO 2026-09-25 17:21:36,582 django.server basehttp:212 "GET /api/notifications/ HTTP/1.1" 200 455
INFO 2026-09-25 17:21:55,724 django.server basehttp:212 "GET /api/notifications/ HTTP/1.1" 200 547
INFO 2026-09-25 17:22:04,962 django.server basehttp:212 "GET /api/notifications/ HTTP/1.1" 200 547
INFO 2026-09-25 17:22:37,786 django.server basehttp:212 "GET /api/notifications/ HTTP/1.1" 200 455
INFO 2026-09-25 17:23:06,036 django.server basehttp:212 "GET /api/notifications/ HTTP/1.1" 200 547
INFO 2026-09-25 17:23:25,745 django.server basehttp:212 "GET /api/notifications/ HTTP/1.1" 200 547
INFO 2026-09-25 17:23:37,499 django.server basehttp:212 "GET /api/notifications/ HTTP/1.1" 200 455
INFO 2026-09-25 17:24:06,925 django.server basehttp:212 "GET /api/notifications/ HTTP/1.1" 200 547
INFO 2026-09-25 17:24:36,093 django.server basehttp:212 "GET /api/notifications/ HTTP/1.1" 200 455
INFO 2026-09-25 17:24:55,704 django.server basehttp:212 "GET /api/notifications/ HTTP/1.1" 200 547
INFO 2026-09-25 17:25:07,917 django.server basehttp:212 "GET /api/notifications/ HTTP/1.1" 200 547
INFO 2026-09-25 17:25:36,441 django.server basehttp:212 "GET /api/notifications/ HTTP/1.1" 200 455
INFO 2026-09-25 17:26:09,095 django.server basehttp:212 "GET /api/notifications/ HTTP/1.1" 200 547
INFO 2026-09-25 17:26:25,740 django.server basehttp:212 "GET /api/notifications/ HTTP/1.1" 200 547
INFO 2026-09-25 17:26:37,046 django.server basehttp:212 "GET /api/notifications/ HTTP/1.1" 200 455
INFO 2026-09-25 17:27:09,916 django.server basehttp:212 "GET /api/notifications/ HTTP/1.1" 200 547
INFO 2026-09-25 17:27:36,621 django.server basehttp:212 "GET /api/notifications/ HTTP/1.1" 200 455
INFO 2026-09-25 17:27:55,723 django.server basehttp:212 "GET /api/notifications/ HTTP/1.1" 200 547
INFO 2026-09-25 17:28:10,924 django.server basehttp:212 "GET /api/notifications/ HTTP/1.1" 200 547
INFO 2026-09-25 17:28:36,959 django.server basehttp:212 "GET /api/notifications/ HTTP/1.1" 200 455
INFO 2026-09-25 17:29:11,906 django.server basehttp:212 "GET /api/notifications/ HTTP/1.1" 200 547
INFO 2026-09-25 17:29:25,724 django.server basehttp:212 "GET /api/notifications/ HTTP/1.1" 200 547
INFO 2026-09-25 17:29:35,628 django.server basehttp:212 "GET /api/notifications/ HTTP/1.1" 200 455
INFO 2026-09-25 17:30:12,905 django.server basehttp:212 "GET /api/notifications/ HTTP/1.1" 200 547
INFO 2026-09-25 17:30:36,627 django.server basehttp:212 "GET /api/notifications/ HTTP/1.1" 200 455
INFO 2026-09-25 17:30:55,719 django.server basehttp:212 "GET /api/notifications/ HTTP/1.1" 200 547
INFO 2026-09-25 17:31:14,058 django.server basehttp:212 "GET /api/notifications/ HTTP/1.1" 200 547
INFO 2026-09-25 17:31:37,035 django.server basehttp:212 "GET /api/notifications/ HTTP/1.1" 200 455
INFO 2026-09-25 17:32:14,996 django.server basehttp:212 "GET /api/notifications/ HTTP/1.1" 200 547
INFO 2026-09-25 17:32:25,747 django.server basehttp:212 "GET /api/notifications/ HTTP/1.1" 200 547
INFO 2026-09-25 17:32:37,086 django.server basehttp:212 "GET /api/notifications/ HTTP/1.1" 200 455
INFO 2026-09-25 17:33:15,927 django.server basehttp:212 "GET /api/notifications/ HTTP/1.1" 200 547
INFO 2026-09-25 17:33:36,526 django.server basehttp:212 "GET /api/notifications/ HTTP/1.1" 200 455
INFO 2026-09-25 17:33:55,722 django.server basehttp:212 "GET /api/notifications/ HTTP/1.1" 200 547
INFO 2026-09-25 17:34:16,908 django.server basehttp:212 "GET /api/notifications/ HTTP/1.1" 200 547
INFO 2026-09-25 17:34:37,512 django.server basehttp:212 "GET /api/notifications/ HTTP/1.1" 200 455
INFO 2026-09-25 17:35:17,932 django.server basehttp:212 "GET /api/notifications/ HTTP/1.1" 200 547
INFO 2026-09-25 17:35:25,745 django.server basehttp:212 "GET /api/notifications/ HTTP/1.1" 200 547
INFO 2026-09-25 17:35:36,429 django.server basehttp:212 "GET /api/notifications/ HTTP/1.1" 200 455
INFO 2026-09-25 17:36:18,914 django.server basehttp:212 "GET /api/notifications/ HTTP/1.1" 200 547
INFO 2026-09-25 17:36:36,220 django.server basehttp:212 "GET /api/notifications/ HTTP/1.1" 200 455
INFO 2026-09-25 17:36:55,720 django.server basehttp:212 "GET /api/notifications/ HTTP/1.1" 200 547
INFO 2026-09-25 17:37:20,013 django.server basehttp:212 "GET /api/notifications/ HTTP/1.1" 200 547
INFO 2026-09-25 17:37:37,064 django.server basehttp:212 "GET /api/notifications/ HTTP/1.1" 200 455
INFO 2026-09-25 17:38:21,023 django.server basehttp:212 "GET /api/notifications/ HTTP/1.1" 200 547
INFO 2026-09-25 17:38:25,712 django.server basehttp:212 "GET /api/notifications/ HTTP/1.1" 200 547
INFO 2026-09-25 17:38:36,927 django.server basehttp:212 "GET /api/notifications/ HTTP/1.1" 200 455
INFO 2026-09-25 17:39:21,915 django.server basehttp:212 "GET /api/notifications/ HTTP/1.1" 200 547
INFO 2026-09-25 17:39:36,454 django.server basehttp:212 "GET /api/notifications/ HTTP/1.1" 200 455
INFO 2026-09-25 17:39:55,726 django.server basehttp:212 "GET /api/notifications/ HTTP/1.1" 200 547
INFO 2026-09-25 17:40:22,909 django.server basehttp:212 "GET /api/notifications/ HTTP/1.1" 200 547
INFO 2026-09-25 17:40:37,712 django.server basehttp:212 "GET /api/notifications/ HTTP/1.1" 200 455
INFO 2026-09-25 17:41:23,916 django.server basehttp:212 "GET /api/notifications/ HTTP/1.1" 200 547
INFO 2026-09-25 17:41:25,724 django.server basehttp:212 "GET /api/notifications/ HTTP/1.1" 200 547
INFO 2026-09-25 17:41:36,318 django.server basehttp:212 "GET /api/notifications/ HTTP/1.1" 200 455
INFO 2026-09-25 17:42:25,014 django.server basehttp:212 "GET /api/notifications/ HTTP/1.1" 200 547
INFO 2026-09-25 17:42:35,739 django.server basehttp:212 "GET /api/notifications/ HTTP/1.1" 200 455
INFO 2026-09-25 17:42:55,732 django.server basehttp:212 "GET /api/notifications/ HTTP/1.1" 200 547
INFO 2026-09-25 17:43:25,909 django.server basehttp:212 "GET /api/notifications/ HTTP/1.1" 200 547
INFO 2026-09-25 17:43:36,721 django.server basehttp:212 "GET /api/notifications/ HTTP/1.1" 200 455
INFO 2026-09-25 17:44:25,735 django.server basehttp:212 "GET /api/notifications/ HTTP/1.1" 200 547
INFO 2026-09-25 17:44:26,977 django.server basehttp:212 "GET /api/notifications/ HTTP/1.1" 200 547
INFO 2026-09-25 17:44:36,361 django.server basehttp:212 "GET /api/notifications/ HTTP/1.1" 200 455
INFO 2026-09-25 17:45:27,917 django.server basehttp:212 "GET /api/notifications/ HTTP/1.1" 200 547
INFO 2026-09-25 17:45:35,788 django.server basehttp:212 "GET /api/notifications/ HTTP/1.1" 200 455
INFO 2026-09-25 17:45:55,720 django.server basehttp:212 "GET /api/notifications/ HTTP/1.1" 200 547
INFO 2026-09-25 17:46:28,915 django.server basehttp:212 "GET /api/notifications/ HTTP/1.1" 200 547
INFO 2026-09-25 17:46:37,467 django.server basehttp:212 "GET /api/notifications/ HTTP/1.1" 200 455
INFO 2026-09-25 17:47:25,727 django.server basehttp:212 "GET /api/notifications/ HTTP/1.1" 200 547
INFO 2026-09-25 17:47:29,913 django.server basehttp:212 "GET /api/notifications/ HTTP/1.1" 200 547
INFO 2026-09-25 17:47:36,672 django.server basehttp:212 "GET /api/notifications/ HTTP/1.1" 200 455
INFO 2026-09-25 17:48:30,920 django.server basehttp:212 "GET /api/notifications/ HTTP/1.1" 200 547
INFO 2026-09-25 17:48:36,811 django.server basehttp:212 "GET /api/notifications/ HTTP/1.1" 200 455
INFO 2026-09-25 17:48:55,719 django.server basehttp:212 "GET /api/notifications/ HTTP/1.1" 200 547
INFO 2026-09-25 17:49:31,910 django.server basehttp:212 "GET /api/notifications/ HTTP/1.1" 200 547
INFO 2026-09-25 17:49:36,375 django.server basehttp:212 "GET /api/notifications/ HTTP/1.1" 200 455
INFO 2026-09-25 17:50:25,717 django.server basehttp:212 "GET /api/notifications/ HTTP/1.1" 200 547
INFO 2026-09-25 17:50:32,981 django.server basehttp:212 "GET /api/notifications/ HTTP/1.1" 200 547
INFO 2026-09-25 17:50:37,041 django.server basehttp:212 "GET /api/notifications/ HTTP/1.1" 200 455
INFO 2026-09-25 17:51:34,130 django.server basehttp:212 "GET /api/notifications/ HTTP/1.1" 200 547
INFO 2026-09-25 17:51:36,111 django.server basehttp:212 "GET /api/notifications/ HTTP/1.1" 200 455
INFO 2026-09-25 17:51:55,726 django.server basehttp:212 "GET /api/notifications/ HTTP/1.1" 200 547
INFO 2026-09-25 17:52:35,064 django.server basehttp:212 "GET /api/notifications/ HTTP/1.1" 200 547
INFO 2026-09-25 17:52:36,942 django.server basehttp:212 "GET /api/notifications/ HTTP/1.1" 200 455
INFO 2026-09-25 17:53:25,715 django.server basehttp:212 "GET /api/notifications/ HTTP/1.1" 200 547
INFO 2026-09-25 17:53:35,838 django.server basehttp:212 "GET /api/notifications/ HTTP/1.1" 200 455
INFO 2026-09-25 17:53:35,895 django.server basehttp:212 "GET /api/notifications/ HTTP/1.1" 200 547
INFO 2026-09-25 17:54:36,477 django.server basehttp:212 "GET /api/notifications/ HTTP/1.1" 200 455
INFO 2026-09-25 17:54:36,922 django.server basehttp:212 "GET /api/notifications/ HTTP/1.1" 200 547
INFO 2026-09-25 17:54:55,697 django.server basehttp:212 "GET /api/notifications/ HTTP/1.1" 200 547
INFO 2026-09-25 17:55:36,156 django.server basehttp:212 "GET /api/notifications/ HTTP/1.1" 200 455
INFO 2026-09-25 17:55:37,917 django.server basehttp:212 "GET /api/notifications/ HTTP/1.1" 200 547
INFO 2026-09-25 17:56:25,729 django.server basehttp:212 "GET /api/notifications/ HTTP/1.1" 200 547
INFO 2026-09-25 17:56:36,676 django.server basehttp:212 "GET /api/notifications/ HTTP/1.1" 200 455
INFO 2026-09-25 17:56:38,932 django.server basehttp:212 "GET /api/notifications/ HTTP/1.1" 200 547
INFO 2026-09-25 17:57:36,883 django.server basehttp:212 "GET /api/notifications/ HTTP/1.1" 200 455
INFO 2026-09-25 17:57:39,922 django.server basehttp:212 "GET /api/notifications/ HTTP/1.1" 200 547
INFO 2026-09-25 17:57:55,719 django.server basehttp:212 "GET /api/notifications/ HTTP/1.1" 200 547
INFO 2026-09-25 17:58:36,665 django.server basehttp:212 "GET /api/notifications/ HTTP/1.1" 200 455
INFO 2026-09-25 17:58:40,935 django.server basehttp:212 "GET /api/notifications/ HTTP/1.1" 200 547
INFO 2026-09-25 17:59:25,804 django.server basehttp:212 "GET /api/notifications/ HTTP/1.1" 200 547
INFO 2026-09-25 17:59:37,329 django.server basehttp:212 "GET /api/notifications/ HTTP/1.1" 200 455
INFO 2026-09-25 17:59:41,897 django.server basehttp:212 "GET /api/notifications/ HTTP/1.1" 200 547
INFO 2026-09-25 18:00:42,923 django.server basehttp:212 "GET /api/notifications/ HTTP/1.1" 200 547
INFO 2026-09-25 18:00:55,721 django.server basehttp:212 "GET /api/notifications/ HTTP/1.1" 200 547
INFO 2026-09-25 18:01:43,930 django.server basehttp:212 "GET /api/notifications/ HTTP/1.1" 200 547
INFO 2026-09-25 18:02:25,724 django.server basehttp:212 "GET /api/notifications/ HTTP/1.1" 200 547
INFO 2026-09-25 18:02:44,924 django.server basehttp:212 "GET /api/notifications/ HTTP/1.1" 200 547
INFO 2026-09-25 18:03:45,924 django.server basehttp:212 "GET /api/notifications/ HTTP/1.1" 200 547
INFO 2026-09-25 18:03:55,701 django.server basehttp:212 "GET /api/notifications/ HTTP/1.1" 200 547
INFO 2026-09-25 18:04:46,918 django.server basehttp:212 "GET /api/notifications/ HTTP/1.1" 200 547
INFO 2026-09-25 18:05:25,721 django.server basehttp:212 "GET /api/notifications/ HTTP/1.1" 200 547
INFO 2026-09-25 18:05:47,897 django.server basehttp:212 "GET /api/notifications/ HTTP/1.1" 200 547
INFO 2026-09-25 18:06:48,934 django.server basehttp:212 "GET /api/notifications/ HTTP/1.1" 200 547
INFO 2026-09-25 18:06:55,724 django.server basehttp:212 "GET /api/notifications/ HTTP/1.1" 200 547
INFO 2026-09-25 18:07:49,922 django.server basehttp:212 "GET /api/notifications/ HTTP/1.1" 200 547
INFO 2026-09-25 18:08:25,728 django.server basehttp:212 "GET /api/notifications/ HTTP/1.1" 200 547
INFO 2026-09-25 18:08:50,923 django.server basehttp:212 "GET /api/notifications/ HTTP/1.1" 200 547
INFO 2026-09-25 18:09:51,923 django.server basehttp:212 "GET /api/notifications/ HTTP/1.1" 200 547
INFO 2026-09-25 18:09:55,724 django.server basehttp:212 "GET /api/notifications/ HTTP/1.1" 200 547
INFO 2026-09-25 18:10:52,932 django.server basehttp:212 "GET /api/notifications/ HTTP/1.1" 200 547
INFO 2026-09-25 18:11:25,737 django.server basehttp:212 "GET /api/notifications/ HTTP/1.1" 200 547
INFO 2026-09-25 18:11:53,919 django.server basehttp:212 "GET /api/notifications/ HTTP/1.1" 200 547
INFO 2026-09-25 18:12:54,891 django.server basehttp:212 "GET /api/notifications/ HTTP/1.1" 200 547
INFO 2026-09-25 18:12:55,721 django.server basehttp:212 "GET /api/notifications/ HTTP/1.1" 200 547
INFO 2026-09-25 18:13:55,926 django.server basehttp:212 "GET /api/notifications/ HTTP/1.1" 200 547
INFO 2026-09-25 18:14:25,723 django.server basehttp:212 "GET /api/notifications/ HTTP/1.1" 200 547
INFO 2026-09-25 18:14:56,936 django.server basehttp:212 "GET /api/notifications/ HTTP/1.1" 200 547
INFO 2026-09-25 18:15:55,723 django.server basehttp:212 "GET /api/notifications/ HTTP/1.1" 200 547
INFO 2026-09-25 18:15:57,921 django.server basehttp:212 "GET /api/notifications/ HTTP/1.1" 200 547
INFO 2026-09-25 18:16:58,921 django.server basehttp:212 "GET /api/notifications/ HTTP/1.1" 200 547
INFO 2026-09-25 18:17:25,724 django.server basehttp:212 "GET /api/notifications/ HTTP/1.1" 200 547
INFO 2026-09-25 18:17:59,921 django.server basehttp:212 "GET /api/notifications/ HTTP/1.1" 200 547
INFO 2026-09-25 18:18:55,725 django.server basehttp:212 "GET /api/notifications/ HTTP/1.1" 200 547
INFO 2026-09-25 18:19:00,919 django.server basehttp:212 "GET /api/notifications/ HTTP/1.1" 200 547
INFO 2026-09-25 18:20:01,924 django.server basehttp:212 "GET /api/notifications/ HTTP/1.1" 200 547
INFO 2026-09-25 18:20:25,736 django.server basehttp:212 "GET /api/notifications/ HTTP/1.1" 200 547
INFO 2026-09-25 18:21:02,922 django.server basehttp:212 "GET /api/notifications/ HTTP/1.1" 200 547
INFO 2026-09-25 18:21:55,722 django.server basehttp:212 "GET /api/notifications/ HTTP/1.1" 200 547
INFO 2026-09-25 18:22:03,946 django.server basehttp:212 "GET /api/notifications/ HTTP/1.1" 200 547
INFO 2026-09-25 18:23:04,924 django.server basehttp:212 "GET /api/notifications/ HTTP/1.1" 200 547
INFO 2026-09-25 18:23:25,728 django.server basehttp:212 "GET /api/notifications/ HTTP/1.1" 200 547
INFO 2026-09-25 18:24:05,926 django.server basehttp:212 "GET /api/notifications/ HTTP/1.1" 200 547
INFO 2026-09-25 18:24:55,722 django.server basehttp:212 "GET /api/notifications/ HTTP/1.1" 200 547
INFO 2026-09-25 18:25:06,921 django.server basehttp:212 "GET /api/notifications/ HTTP/1.1" 200 547
INFO 2026-09-25 18:26:07,908 django.server basehttp:212 "GET /api/notifications/ HTTP/1.1" 200 547
INFO 2026-09-25 18:26:25,720 django.server basehttp:212 "GET /api/notifications/ HTTP/1.1" 200 547
INFO 2026-09-25 18:27:08,927 django.server basehttp:212 "GET /api/notifications/ HTTP/1.1" 200 547
INFO 2026-09-25 18:27:55,737 django.server basehttp:212 "GET /api/notifications/ HTTP/1.1" 200 547
INFO 2026-09-25 18:28:09,920 django.server basehttp:212 "GET /api/notifications/ HTTP/1.1" 200 547
INFO 2026-09-25 18:29:10,928 django.server basehttp:212 "GET /api/notifications/ HTTP/1.1" 200 547
INFO 2026-09-25 18:29:25,727 django.server basehttp:212 "GET /api/notifications/ HTTP/1.1" 200 547
INFO 2026-09-25 18:30:11,925 django.server basehttp:212 "GET /api/notifications/ HTTP/1.1" 200 547
INFO 2026-09-25 18:30:55,727 django.server basehttp:212 "GET /api/notifications/ HTTP/1.1" 200 547
INFO 2026-09-25 18:31:12,919 django.server basehttp:212 "GET /api/notifications/ HTTP/1.1" 200 547
INFO 2026-09-25 18:32:13,932 django.server basehttp:212 "GET /api/notifications/ HTTP/1.1" 200 547
INFO 2026-09-25 18:32:25,729 django.server basehttp:212 "GET /api/notifications/ HTTP/1.1" 200 547
INFO 2026-09-25 18:33:14,943 django.server basehttp:212 "GET /api/notifications/ HTTP/1.1" 200 547
INFO 2026-09-25 18:33:55,722 django.server basehttp:212 "GET /api/notifications/ HTTP/1.1" 200 547
INFO 2026-09-25 18:34:15,919 django.server basehttp:212 "GET /api/notifications/ HTTP/1.1" 200 547
INFO 2026-09-25 18:35:25,940 django.server basehttp:212 "GET /api/notifications/ HTTP/1.1" 200 547
INFO 2026-09-25 18:36:55,723 django.server basehttp:212 "GET /api/notifications/ HTTP/1.1" 200 547
INFO 2026-09-25 18:38:25,726 django.server basehttp:212 "GET /api/notifications/ HTTP/1.1" 200 547
INFO 2026-09-25 18:39:55,733 django.server basehttp:212 "GET /api/notifications/ HTTP/1.1" 200 547
INFO 2026-09-25 18:41:25,733 django.server basehttp:212 "GET /api/notifications/ HTTP/1.1" 200 547
INFO 2026-09-25 18:42:55,731 django.server basehttp:212 "GET /api/notifications/ HTTP/1.1" 200 547
INFO 2026-09-25 18:44:25,734 django.server basehttp:212 "GET /api/notifications/ HTTP/1.1" 200 547
INFO 2026-09-25 18:45:55,724 django.server basehttp:212 "GET /api/notifications/ HTTP/1.1" 200 547
INFO 2026-09-25 18:47:25,709 django.server basehttp:212 "GET /api/notifications/ HTTP/1.1" 200 547
INFO 2026-09-25 18:48:55,730 django.server basehttp:212 "GET /api/notifications/ HTTP/1.1" 200 547
INFO 2026-09-25 18:50:25,703 django.server basehttp:212 "GET /api/notifications/ HTTP/1.1" 200 547
INFO 2026-09-25 18:51:55,724 django.server basehttp:212 "GET /api/notifications/ HTTP/1.1" 200 547
INFO 2026-09-25 18:53:25,725 django.server basehttp:212 "GET /api/notifications/ HTTP/1.1" 200 547
INFO 2026-09-25 18:54:55,728 django.server basehttp:212 "GET /api/notifications/ HTTP/1.1" 200 547
INFO 2026-09-25 18:56:25,725 django.server basehttp:212 "GET /api/notifications/ HTTP/1.1" 200 547
INFO 2026-09-25 18:57:55,723 django.server basehttp:212 "GET /api/notifications/ HTTP/1.1" 200 547
INFO 2026-09-25 18:59:25,723 django.server basehttp:212 "GET /api/notifications/ HTTP/1.1" 200 547
INFO 2026-09-25 19:00:55,727 django.server basehttp:212 "GET /api/notifications/ HTTP/1.1" 200 547
INFO 2026-09-25 19:02:25,722 django.server basehttp:212 "GET /api/notifications/ HTTP/1.1" 200 547
INFO 2026-09-25 19:03:55,727 django.server basehttp:212 "GET /api/notifications/ HTTP/1.1" 200 547
INFO 2026-09-25 19:05:25,751 django.server basehttp:212 "GET /api/notifications/ HTTP/1.1" 200 547
INFO 2026-09-25 19:06:55,722 django.server basehttp:212 "GET /api/notifications/ HTTP/1.1" 200 547
INFO 2026-09-25 19:08:25,724 django.server basehttp:212 "GET /api/notifications/ HTTP/1.1" 200 547
INFO 2026-09-25 19:09:55,724 django.server basehttp:212 "GET /api/notifications/ HTTP/1.1" 200 547
INFO 2026-09-25 19:11:25,728 django.server basehttp:212 "GET /api/notifications/ HTTP/1.1" 200 547
INFO 2026-09-25 19:12:55,703 django.server basehttp:212 "GET /api/notifications/ HTTP/1.1" 200 547
INFO 2026-09-25 19:14:25,722 django.server basehttp:212 "GET /api/notifications/ HTTP/1.1" 200 547
INFO 2026-09-25 19:15:55,721 django.server basehttp:212 "GET /api/notifications/ HTTP/1.1" 200 547
INFO 2026-09-25 19:17:25,725 django.server basehttp:212 "GET /api/notifications/ HTTP/1.1" 200 547
INFO 2026-09-25 19:18:55,742 django.server basehttp:212 "GET /api/notifications/ HTTP/1.1" 200 547
INFO 2026-09-25 19:20:25,723 django.server basehttp:212 "GET /api/notifications/ HTTP/1.1" 200 547
INFO 2026-09-25 19:21:55,724 django.server basehttp:212 "GET /api/notifications/ HTTP/1.1" 200 547
INFO 2026-09-25 19:23:25,725 django.server basehttp:212 "GET /api/notifications/ HTTP/1.1" 200 547
INFO 2026-09-25 19:24:55,721 django.server basehttp:212 "GET /api/notifications/ HTTP/1.1" 200 547
INFO 2026-09-25 19:26:25,728 django.server basehttp:212 "GET /api/notifications/ HTTP/1.1" 200 547
INFO 2026-09-25 19:27:55,720 django.server basehttp:212 "GET /api/notifications/ HTTP/1.1" 200 547
INFO 2026-09-25 19:29:25,720 django.server basehttp:212 "GET /api/notifications/ HTTP/1.1" 200 547
INFO 2026-09-25 19:30:55,725 django.server basehttp:212 "GET /api/notifications/ HTTP/1.1" 200 547
INFO 2026-09-25 19:32:25,732 django.server basehttp:212 "GET /api/notifications/ HTTP/1.1" 200 547
INFO 2026-09-25 19:33:55,725 django.server basehttp:212 "GET /api/notifications/ HTTP/1.1" 200 547
INFO 2026-09-25 19:35:25,738 django.server basehttp:212 "GET /api/notifications/ HTTP/1.1" 200 547
INFO 2026-09-25 19:36:55,702 django.server basehttp:212 "GET /api/notifications/ HTTP/1.1" 200 547
INFO 2026-09-25 19:38:25,723 django.server basehttp:212 "GET /api/notifications/ HTTP/1.1" 200 547
INFO 2026-09-25 19:39:55,725 django.server basehttp:212 "GET /api/notifications/ HTTP/1.1" 200 547
INFO 2026-09-25 19:41:25,726 django.server basehttp:212 "GET /api/notifications/ HTTP/1.1" 200 547
INFO 2026-09-25 19:42:55,719 django.server basehttp:212 "GET /api/notifications/ HTTP/1.1" 200 547
INFO 2026-09-25 19:44:25,721 django.server basehttp:212 "GET /api/notifications/ HTTP/1.1" 200 547
INFO 2026-09-25 19:45:55,724 django.server basehttp:212 "GET /api/notifications/ HTTP/1.1" 200 547
INFO 2026-09-25 19:47:25,724 django.server basehttp:212 "GET /api/notifications/ HTTP/1.1" 200 547
INFO 2026-09-25 19:48:55,720 django.server basehttp:212 "GET /api/notifications/ HTTP/1.1" 200 547
INFO 2026-09-25 19:50:25,723 django.server basehttp:212 "GET /api/notifications/ HTTP/1.1" 200 547
INFO 2026-09-25 19:51:55,724 django.server basehttp:212 "GET /api/notifications/ HTTP/1.1" 200 547
INFO 2026-09-25 19:53:25,726 django.server basehttp:212 "GET /api/notifications/ HTTP/1.1" 200 547
INFO 2026-09-25 19:54:55,725 django.server basehttp:212 "GET /api/notifications/ HTTP/1.1" 200 547
INFO 2026-09-25 19:56:25,722 django.server basehttp:212 "GET /api/notifications/ HTTP/1.1" 200 547
INFO 2026-09-25 19:57:55,728 django.server basehttp:212 "GET /api/notifications/ HTTP/1.1" 200 547
INFO 2026-09-25 19:59:25,718 django.server basehttp:212 "GET /api/notifications/ HTTP/1.1" 200 547
INFO 2026-09-25 20:00:55,728 django.server basehttp:212 "GET /api/notifications/ HTTP/1.1" 200 547
INFO 2026-09-25 20:02:25,726 django.server basehttp:212 "GET /api/notifications/ HTTP/1.1" 200 547
INFO 2026-09-25 20:03:55,735 django.server basehttp:212 "GET /api/notifications/ HTTP/1.1" 200 547
INFO 2026-09-25 20:05:25,743 django.server basehttp:212 "GET /api/notifications/ HTTP/1.1" 200 547
INFO 2026-09-26 09:19:20,291 django.utils.autoreload autoreload:667 Watching for file changes with StatReloader
INFO 2026-09-26 09:19:32,651 django.server basehttp:212 "GET / HTTP/1.1" 302 0
INFO 2026-09-26 09:19:32,724 django.server basehttp:212 "GET /timetable/dashboard/ HTTP/1.1" 200 113552
INFO 2026-09-26 09:19:32,758 django.server basehttp:212 "GET /static/images/chuka.png HTTP/1.1" 304 0
INFO 2026-09-26 09:19:32,879 django.server basehttp:212 "GET /api/notifications/ HTTP/1.1" 200 1607
WARNING 2026-09-26 09:19:33,095 django.server basehttp:212 "GET /favicon.ico HTTP/1.1" 404 118552
INFO 2026-09-26 09:20:17,990 django.server basehttp:212 "GET /api/notifications/ HTTP/1.1" 200 1607
INFO 2026-09-26 09:21:02,958 django.server basehttp:212 "GET /api/notifications/ HTTP/1.1" 200 1607
INFO 2026-09-26 09:21:12,950 django.server basehttp:212 "GET / HTTP/1.1" 302 0
INFO 2026-09-26 09:21:13,214 django.server basehttp:212 "GET /sudo-dashboard/ HTTP/1.1" 200 38792
INFO 2026-09-26 09:21:13,230 django.server basehttp:212 "GET /static/css/base.css HTTP/1.1" 304 0
INFO 2026-09-26 09:21:13,242 django.server basehttp:212 "GET /static/css/unified.css HTTP/1.1" 304 0
INFO 2026-09-26 09:21:13,248 django.server basehttp:212 "GET /static/admins/css/admins_admins_sudo_base.css HTTP/1.1" 304 0
INFO 2026-09-26 09:21:13,254 django.server basehttp:212 "GET /static/admins/css/admins_sudo_base.css HTTP/1.1" 304 0
INFO 2026-09-26 09:21:13,259 django.server basehttp:212 "GET /static/admins/css/workspace_unified.css HTTP/1.1" 304 0
INFO 2026-09-26 09:21:13,279 django.server basehttp:212 "GET /static/admins/css/admins_admins_sudo_homepage.css HTTP/1.1" 304 0
INFO 2026-09-26 09:21:13,297 django.server basehttp:212 "GET /static/admins/css/admins_sudo_homepage.css HTTP/1.1" 304 0
INFO 2026-09-26 09:21:13,316 django.server basehttp:212 "GET /site/logo/ HTTP/1.1" 200 280
INFO 2026-09-26 09:21:18,339 django.server basehttp:212 "GET /logout/ HTTP/1.1" 302 0
INFO 2026-09-26 09:21:18,367 django.server basehttp:212 "GET /login/ HTTP/1.1" 200 11305
WARNING 2026-09-26 09:21:18,515 django.server basehttp:212 "GET /media/site/logo/chuka.png HTTP/1.1" 404 43828
WARNING 2026-09-26 09:21:18,689 django.server basehttp:212 "GET /favicon.ico HTTP/1.1" 404 118552
INFO 2026-09-26 09:21:38,210 django.server basehttp:212 "POST /login/ HTTP/1.1" 302 0
INFO 2026-09-26 09:21:38,241 django.server basehttp:212 "GET /timetable/dashboard/ HTTP/1.1" 200 113552
INFO 2026-09-26 09:21:38,299 django.server basehttp:212 "GET /static/images/chuka.png HTTP/1.1" 304 0
INFO 2026-09-26 09:21:38,414 django.server basehttp:212 "GET /api/notifications/ HTTP/1.1" 200 1607
INFO 2026-09-26 09:21:47,902 django.server basehttp:212 "GET /api/notifications/ HTTP/1.1" 200 1607
INFO 2026-09-26 09:21:52,689 django.server basehttp:212 "GET /logout/ HTTP/1.1" 302 0
INFO 2026-09-26 09:21:52,710 django.server basehttp:212 "GET /login/ HTTP/1.1" 200 11461
WARNING 2026-09-26 09:21:52,962 django.server basehttp:212 "GET /media/site/logo/chuka.png HTTP/1.1" 404 43828
INFO 2026-09-26 09:21:58,103 django.server basehttp:212 "POST /login/ HTTP/1.1" 302 0
INFO 2026-09-26 09:21:58,132 django.server basehttp:212 "GET /sudo-dashboard/ HTTP/1.1" 200 39402
INFO 2026-09-26 09:21:58,239 django.server basehttp:212 "GET /static/css/base.css HTTP/1.1" 200 14728
INFO 2026-09-26 09:21:58,250 django.server basehttp:212 "GET /static/css/unified.css HTTP/1.1" 200 13308
INFO 2026-09-26 09:21:58,260 django.server basehttp:212 "GET /static/admins/css/admins_admins_sudo_base.css HTTP/1.1" 200 121
INFO 2026-09-26 09:21:58,264 django.server basehttp:212 "GET /static/admins/css/admins_sudo_base.css HTTP/1.1" 200 114
INFO 2026-09-26 09:21:58,266 django.server basehttp:212 "GET /static/admins/css/workspace_unified.css HTTP/1.1" 200 5182
INFO 2026-09-26 09:21:58,267 django.server basehttp:212 "GET /static/admins/css/admins_admins_sudo_homepage.css HTTP/1.1" 200 1704
INFO 2026-09-26 09:21:58,279 django.server basehttp:212 "GET /static/admins/css/admins_sudo_homepage.css HTTP/1.1" 200 1668
INFO 2026-09-26 09:21:58,292 django.server basehttp:212 "GET /site/logo/ HTTP/1.1" 200 280
INFO 2026-09-26 09:22:23,448 django.server basehttp:212 "GET /api/notifications/ HTTP/1.1" 200 1607
INFO 2026-09-26 09:22:28,947 django.server basehttp:212 "GET /logout/ HTTP/1.1" 302 0
INFO 2026-09-26 09:22:28,961 django.server basehttp:212 "GET /login/ HTTP/1.1" 200 11305
WARNING 2026-09-26 09:22:29,128 django.server basehttp:212 "GET /media/site/logo/chuka.png HTTP/1.1" 404 43828
INFO 2026-09-26 09:22:37,610 django.server basehttp:212 "POST /login/ HTTP/1.1" 302 0
INFO 2026-09-26 09:22:37,648 django.server basehttp:212 "GET /cod/ HTTP/1.1" 302 0
INFO 2026-09-26 09:22:37,755 django.server basehttp:212 "GET /cod/allocations/ HTTP/1.1" 200 7081
INFO 2026-09-26 09:22:41,013 django.server basehttp:212 "POST /cod/allocations/switch/ HTTP/1.1" 302 0
INFO 2026-09-26 09:22:45,091 django.server basehttp:212 "GET /cod/ HTTP/1.1" 200 5186878
INFO 2026-09-26 09:22:54,203 django.server basehttp:212 "GET /api/notifications/ HTTP/1.1" 200 4887
INFO 2026-09-26 09:22:54,314 django.server basehttp:212 "GET /api/course-codes/signature/ HTTP/1.1" 200 55
INFO 2026-09-26 09:22:54,339 django.server basehttp:212 "POST /cod/ HTTP/1.1" 200 37
INFO 2026-09-26 09:22:54,356 django.server basehttp:212 "POST /cod/ HTTP/1.1" 200 40
INFO 2026-09-26 09:22:54,341 django.server basehttp:212 "POST /cod/ HTTP/1.1" 200 35
INFO 2026-09-26 09:22:55,315 django.server basehttp:212 "GET /api/course-codes/?user_dept_id=65 HTTP/1.1" 200 511837
INFO 2026-09-26 09:22:55,538 django.server basehttp:212 "POST /cod/ HTTP/1.1" 200 22679
INFO 2026-09-26 09:22:57,053 django.server basehttp:212 "POST /cod/ HTTP/1.1" 200 47531
INFO 2026-09-26 09:23:08,531 django.server basehttp:212 "GET /api/notifications/ HTTP/1.1" 200 1607
INFO 2026-09-26 09:23:12,669 django.server basehttp:212 "GET /lecturer-course-mapping/ HTTP/1.1" 200 1388316
INFO 2026-09-26 09:23:12,729 django.server basehttp:212 "GET /static/course_allocation/css/lect_mapping2.css HTTP/1.1" 200 5904
INFO 2026-09-26 09:23:12,732 django.server basehttp:212 "GET /static/course_allocation/css/course_allocation_course_allocation_lecturer_course_mapping.css HTTP/1.1" 200 5904
INFO 2026-09-26 09:23:12,732 django.server basehttp:212 "GET /static/course_allocation/css/course_allocation_course_allocation_base.css HTTP/1.1" 200 30148
INFO 2026-09-26 09:23:12,733 django.server basehttp:212 "GET /static/course_allocation/css/course_allocation.css HTTP/1.1" 200 30804
INFO 2026-09-26 09:23:12,734 django.server basehttp:212 "GET /static/course_allocation/css/course_allocation_lecturer_course_mapping.css HTTP/1.1" 200 5835
INFO 2026-09-26 09:23:12,775 django.server basehttp:212 "GET /static/course_allocation/js/course_allocation_course_allocation_base.js HTTP/1.1" 200 10213
INFO 2026-09-26 09:23:13,370 django.server basehttp:212 "GET /api/notifications/ HTTP/1.1" 200 4887
INFO 2026-09-26 09:23:53,546 django.server basehttp:212 "GET /api/notifications/ HTTP/1.1" 200 1607
INFO 2026-09-26 09:24:14,095 django.server basehttp:212 "GET /api/notifications/ HTTP/1.1" 200 4887
INFO 2026-09-26 09:24:38,468 django.server basehttp:212 "GET /api/notifications/ HTTP/1.1" 200 1607
INFO 2026-09-26 09:25:14,200 django.server basehttp:212 "GET /api/notifications/ HTTP/1.1" 200 4887
INFO 2026-09-26 09:25:23,475 django.server basehttp:212 "GET /api/notifications/ HTTP/1.1" 200 1607
INFO 2026-09-26 09:26:08,487 django.server basehttp:212 "GET /api/notifications/ HTTP/1.1" 200 1607
INFO 2026-09-26 09:26:14,310 django.server basehttp:212 "GET /api/notifications/ HTTP/1.1" 200 4887
INFO 2026-09-26 09:26:53,525 django.server basehttp:212 "GET /api/notifications/ HTTP/1.1" 200 1607
INFO 2026-09-26 09:27:14,366 django.server basehttp:212 "GET /api/notifications/ HTTP/1.1" 200 4887
INFO 2026-09-26 09:27:38,520 django.server basehttp:212 "GET /api/notifications/ HTTP/1.1" 200 1607
INFO 2026-09-26 09:28:14,461 django.server basehttp:212 "GET /api/notifications/ HTTP/1.1" 200 4887
INFO 2026-09-26 09:28:23,463 django.server basehttp:212 "GET /api/notifications/ HTTP/1.1" 200 1607
INFO 2026-09-26 09:29:08,500 django.server basehttp:212 "GET /api/notifications/ HTTP/1.1" 200 1607
INFO 2026-09-26 09:29:14,527 django.server basehttp:212 "GET /api/notifications/ HTTP/1.1" 200 4887
INFO 2026-09-26 09:29:53,436 django.server basehttp:212 "GET /api/notifications/ HTTP/1.1" 200 1607
INFO 2026-09-26 09:30:14,579 django.server basehttp:212 "GET /api/notifications/ HTTP/1.1" 200 4887
INFO 2026-09-26 09:30:38,421 django.server basehttp:212 "GET /api/notifications/ HTTP/1.1" 200 1607
INFO 2026-09-26 09:31:14,627 django.server basehttp:212 "GET /api/notifications/ HTTP/1.1" 200 4887
INFO 2026-09-26 09:31:23,397 django.server basehttp:212 "GET /api/notifications/ HTTP/1.1" 200 1607
INFO 2026-09-26 09:32:08,421 django.server basehttp:212 "GET /api/notifications/ HTTP/1.1" 200 1607
INFO 2026-09-26 09:32:14,664 django.server basehttp:212 "GET /api/notifications/ HTTP/1.1" 200 4887
INFO 2026-09-26 09:32:53,491 django.server basehttp:212 "GET /api/notifications/ HTTP/1.1" 200 1607
INFO 2026-09-26 09:33:14,762 django.server basehttp:212 "GET /api/notifications/ HTTP/1.1" 200 4887
INFO 2026-09-26 09:33:38,420 django.server basehttp:212 "GET /api/notifications/ HTTP/1.1" 200 1607
INFO 2026-09-26 09:34:14,868 django.server basehttp:212 "GET /api/notifications/ HTTP/1.1" 200 4887
INFO 2026-09-26 09:34:23,405 django.server basehttp:212 "GET /api/notifications/ HTTP/1.1" 200 1607
INFO 2026-09-26 09:35:08,401 django.server basehttp:212 "GET /api/notifications/ HTTP/1.1" 200 1607
INFO 2026-09-26 09:35:14,963 django.server basehttp:212 "GET /api/notifications/ HTTP/1.1" 200 4887
INFO 2026-09-26 09:35:53,417 django.server basehttp:212 "GET /api/notifications/ HTTP/1.1" 200 1607
INFO 2026-09-26 09:36:15,087 django.server basehttp:212 "GET /api/notifications/ HTTP/1.1" 200 4887
INFO 2026-09-26 09:36:38,438 django.server basehttp:212 "GET /api/notifications/ HTTP/1.1" 200 1607
INFO 2026-09-26 09:37:15,128 django.server basehttp:212 "GET /api/notifications/ HTTP/1.1" 200 4887
INFO 2026-09-26 09:37:23,475 django.server basehttp:212 "GET /api/notifications/ HTTP/1.1" 200 1607
INFO 2026-09-26 09:38:08,411 django.server basehttp:212 "GET /api/notifications/ HTTP/1.1" 200 1607
INFO 2026-09-26 09:38:15,177 django.server basehttp:212 "GET /api/notifications/ HTTP/1.1" 200 4887
INFO 2026-09-26 09:38:53,424 django.server basehttp:212 "GET /api/notifications/ HTTP/1.1" 200 1607
INFO 2026-09-26 09:39:15,250 django.server basehttp:212 "GET /api/notifications/ HTTP/1.1" 200 4887
INFO 2026-09-26 09:39:38,489 django.server basehttp:212 "GET /api/notifications/ HTTP/1.1" 200 1607
INFO 2026-09-26 09:40:15,329 django.server basehttp:212 "GET /api/notifications/ HTTP/1.1" 200 4887
INFO 2026-09-26 09:40:23,462 django.server basehttp:212 "GET /api/notifications/ HTTP/1.1" 200 1607
INFO 2026-09-26 09:41:08,480 django.server basehttp:212 "GET /api/notifications/ HTTP/1.1" 200 1607
INFO 2026-09-26 09:41:15,371 django.server basehttp:212 "GET /api/notifications/ HTTP/1.1" 200 4887
INFO 2026-09-26 09:41:53,422 django.server basehttp:212 "GET /api/notifications/ HTTP/1.1" 200 1607
INFO 2026-09-26 09:42:15,464 django.server basehttp:212 "GET /api/notifications/ HTTP/1.1" 200 4887
INFO 2026-09-26 09:42:38,476 django.server basehttp:212 "GET /api/notifications/ HTTP/1.1" 200 1607
INFO 2026-09-26 09:43:15,518 django.server basehttp:212 "GET /api/notifications/ HTTP/1.1" 200 4887
INFO 2026-09-26 09:43:23,444 django.server basehttp:212 "GET /api/notifications/ HTTP/1.1" 200 1607
INFO 2026-09-26 09:44:08,490 django.server basehttp:212 "GET /api/notifications/ HTTP/1.1" 200 1607
INFO 2026-09-26 09:44:15,628 django.server basehttp:212 "GET /api/notifications/ HTTP/1.1" 200 4887
INFO 2026-09-26 09:44:53,423 django.server basehttp:212 "GET /api/notifications/ HTTP/1.1" 200 1607
INFO 2026-09-26 09:45:15,673 django.server basehttp:212 "GET /api/notifications/ HTTP/1.1" 200 4887
INFO 2026-09-26 09:45:38,490 django.server basehttp:212 "GET /api/notifications/ HTTP/1.1" 200 1607
INFO 2026-09-26 09:46:15,816 django.server basehttp:212 "GET /api/notifications/ HTTP/1.1" 200 4887
INFO 2026-09-26 09:46:23,516 django.server basehttp:212 "GET /api/notifications/ HTTP/1.1" 200 1607
INFO 2026-09-26 09:47:08,474 django.server basehttp:212 "GET /api/notifications/ HTTP/1.1" 200 1607
INFO 2026-09-26 09:47:15,910 django.server basehttp:212 "GET /api/notifications/ HTTP/1.1" 200 4887
INFO 2026-09-26 09:47:53,462 django.server basehttp:212 "GET /api/notifications/ HTTP/1.1" 200 1607
INFO 2026-09-26 09:48:15,961 django.server basehttp:212 "GET /api/notifications/ HTTP/1.1" 200 4887
INFO 2026-09-26 09:48:38,434 django.server basehttp:212 "GET /api/notifications/ HTTP/1.1" 200 1607
INFO 2026-09-26 09:49:16,049 django.server basehttp:212 "GET /api/notifications/ HTTP/1.1" 200 4887
INFO 2026-09-26 09:49:23,478 django.server basehttp:212 "GET /api/notifications/ HTTP/1.1" 200 1607
INFO 2026-09-26 09:50:08,436 django.server basehttp:212 "GET /api/notifications/ HTTP/1.1" 200 1607
INFO 2026-09-26 09:50:16,146 django.server basehttp:212 "GET /api/notifications/ HTTP/1.1" 200 4887
INFO 2026-09-26 09:50:53,399 django.server basehttp:212 "GET /api/notifications/ HTTP/1.1" 200 1607
INFO 2026-09-26 09:51:16,201 django.server basehttp:212 "GET /api/notifications/ HTTP/1.1" 200 4887
INFO 2026-09-26 09:51:38,407 django.server basehttp:212 "GET /api/notifications/ HTTP/1.1" 200 1607
INFO 2026-09-26 09:52:16,290 django.server basehttp:212 "GET /api/notifications/ HTTP/1.1" 200 4887
INFO 2026-09-26 09:52:23,517 django.server basehttp:212 "GET /api/notifications/ HTTP/1.1" 200 1607
INFO 2026-09-26 09:53:08,480 django.server basehttp:212 "GET /api/notifications/ HTTP/1.1" 200 1607
INFO 2026-09-26 09:53:16,437 django.server basehttp:212 "GET /api/notifications/ HTTP/1.1" 200 4887
INFO 2026-09-26 09:53:53,550 django.server basehttp:212 "GET /api/notifications/ HTTP/1.1" 200 1607
INFO 2026-09-26 09:54:16,486 django.server basehttp:212 "GET /api/notifications/ HTTP/1.1" 200 4887
INFO 2026-09-26 09:54:38,449 django.server basehttp:212 "GET /api/notifications/ HTTP/1.1" 200 1607
INFO 2026-09-26 09:55:16,540 django.server basehttp:212 "GET /api/notifications/ HTTP/1.1" 200 4887
INFO 2026-09-26 09:55:39,414 django.server basehttp:212 "GET /api/notifications/ HTTP/1.1" 200 1607
INFO 2026-09-26 09:56:12,457 django.server basehttp:212 "GET /api/notifications/ HTTP/1.1" 200 1607
INFO 2026-09-26 09:56:16,601 django.server basehttp:212 "GET /api/notifications/ HTTP/1.1" 200 4887
INFO 2026-09-26 09:57:12,485 django.server basehttp:212 "GET /api/notifications/ HTTP/1.1" 200 1607
INFO 2026-09-26 09:57:16,635 django.server basehttp:212 "GET /api/notifications/ HTTP/1.1" 200 4887
INFO 2026-09-26 09:58:12,598 django.server basehttp:212 "GET /api/notifications/ HTTP/1.1" 200 1607
INFO 2026-09-26 09:58:16,679 django.server basehttp:212 "GET /api/notifications/ HTTP/1.1" 200 4887
INFO 2026-09-26 09:59:12,496 django.server basehttp:212 "GET /api/notifications/ HTTP/1.1" 200 1607
INFO 2026-09-26 09:59:16,724 django.server basehttp:212 "GET /api/notifications/ HTTP/1.1" 200 4887
INFO 2026-09-26 10:00:12,543 django.server basehttp:212 "GET /api/notifications/ HTTP/1.1" 200 1607
INFO 2026-09-26 10:00:16,756 django.server basehttp:212 "GET /api/notifications/ HTTP/1.1" 200 4887
INFO 2026-09-26 10:01:12,450 django.server basehttp:212 "GET /api/notifications/ HTTP/1.1" 200 1607
INFO 2026-09-26 10:01:16,815 django.server basehttp:212 "GET /api/notifications/ HTTP/1.1" 200 4887
INFO 2026-09-26 10:02:12,510 django.server basehttp:212 "GET /api/notifications/ HTTP/1.1" 200 1607
INFO 2026-09-26 10:02:16,847 django.server basehttp:212 "GET /api/notifications/ HTTP/1.1" 200 4887
INFO 2026-09-26 10:03:12,468 django.server basehttp:212 "GET /api/notifications/ HTTP/1.1" 200 1607
INFO 2026-09-26 10:03:16,894 django.server basehttp:212 "GET /api/notifications/ HTTP/1.1" 200 4887
INFO 2026-09-26 10:04:12,431 django.server basehttp:212 "GET /api/notifications/ HTTP/1.1" 200 1607
INFO 2026-09-26 10:04:16,970 django.server basehttp:212 "GET /api/notifications/ HTTP/1.1" 200 4887
INFO 2026-09-26 10:05:12,505 django.server basehttp:212 "GET /api/notifications/ HTTP/1.1" 200 1607
INFO 2026-09-26 10:05:17,071 django.server basehttp:212 "GET /api/notifications/ HTTP/1.1" 200 4887
INFO 2026-09-26 10:06:12,524 django.server basehttp:212 "GET /api/notifications/ HTTP/1.1" 200 1607
INFO 2026-09-26 10:06:17,126 django.server basehttp:212 "GET /api/notifications/ HTTP/1.1" 200 4887
INFO 2026-09-26 10:07:12,465 django.server basehttp:212 "GET /api/notifications/ HTTP/1.1" 200 1607
INFO 2026-09-26 10:07:17,215 django.server basehttp:212 "GET /api/notifications/ HTTP/1.1" 200 4887
INFO 2026-09-26 10:08:12,456 django.server basehttp:212 "GET /api/notifications/ HTTP/1.1" 200 1607
INFO 2026-09-26 10:08:17,276 django.server basehttp:212 "GET /api/notifications/ HTTP/1.1" 200 4887
INFO 2026-09-26 10:09:12,409 django.server basehttp:212 "GET /api/notifications/ HTTP/1.1" 200 1607
INFO 2026-09-26 10:09:17,317 django.server basehttp:212 "GET /api/notifications/ HTTP/1.1" 200 4887
INFO 2026-09-26 10:10:12,480 django.server basehttp:212 "GET /api/notifications/ HTTP/1.1" 200 1607
INFO 2026-09-26 10:10:17,369 django.server basehttp:212 "GET /api/notifications/ HTTP/1.1" 200 4887
INFO 2026-09-26 10:11:12,398 django.server basehttp:212 "GET /api/notifications/ HTTP/1.1" 200 1607
INFO 2026-09-26 10:11:17,413 django.server basehttp:212 "GET /api/notifications/ HTTP/1.1" 200 4887
INFO 2026-09-26 10:12:12,419 django.server basehttp:212 "GET /api/notifications/ HTTP/1.1" 200 1607
INFO 2026-09-26 10:12:17,468 django.server basehttp:212 "GET /api/notifications/ HTTP/1.1" 200 4887
INFO 2026-09-26 10:13:12,410 django.server basehttp:212 "GET /api/notifications/ HTTP/1.1" 200 1607
INFO 2026-09-26 10:13:17,507 django.server basehttp:212 "GET /api/notifications/ HTTP/1.1" 200 4887
INFO 2026-09-26 10:14:12,491 django.server basehttp:212 "GET /api/notifications/ HTTP/1.1" 200 1607
INFO 2026-09-26 10:14:17,543 django.server basehttp:212 "GET /api/notifications/ HTTP/1.1" 200 4887
INFO 2026-09-26 10:15:12,494 django.server basehttp:212 "GET /api/notifications/ HTTP/1.1" 200 1607
INFO 2026-09-26 10:15:17,646 django.server basehttp:212 "GET /api/notifications/ HTTP/1.1" 200 4887
INFO 2026-09-26 10:16:12,478 django.server basehttp:212 "GET /api/notifications/ HTTP/1.1" 200 1607
INFO 2026-09-26 10:16:17,755 django.server basehttp:212 "GET /api/notifications/ HTTP/1.1" 200 4887
INFO 2026-09-26 10:17:12,496 django.server basehttp:212 "GET /api/notifications/ HTTP/1.1" 200 1607
INFO 2026-09-26 10:17:17,837 django.server basehttp:212 "GET /api/notifications/ HTTP/1.1" 200 4887
INFO 2026-09-26 10:18:12,440 django.server basehttp:212 "GET /api/notifications/ HTTP/1.1" 200 1607
INFO 2026-09-26 10:18:17,881 django.server basehttp:212 "GET /api/notifications/ HTTP/1.1" 200 4887
INFO 2026-09-26 10:19:12,474 django.server basehttp:212 "GET /api/notifications/ HTTP/1.1" 200 1607
INFO 2026-09-26 10:19:17,911 django.server basehttp:212 "GET /api/notifications/ HTTP/1.1" 200 4887
INFO 2026-09-26 10:20:12,412 django.server basehttp:212 "GET /api/notifications/ HTTP/1.1" 200 1607
INFO 2026-09-26 10:20:17,969 django.server basehttp:212 "GET /api/notifications/ HTTP/1.1" 200 4887
INFO 2026-09-26 10:21:12,409 django.server basehttp:212 "GET /api/notifications/ HTTP/1.1" 200 1607
INFO 2026-09-26 10:21:18,005 django.server basehttp:212 "GET /api/notifications/ HTTP/1.1" 200 4887
INFO 2026-09-26 10:22:12,422 django.server basehttp:212 "GET /api/notifications/ HTTP/1.1" 200 1607
INFO 2026-09-26 10:22:18,046 django.server basehttp:212 "GET /api/notifications/ HTTP/1.1" 200 4887
INFO 2026-09-26 10:23:12,419 django.server basehttp:212 "GET /api/notifications/ HTTP/1.1" 200 1607
INFO 2026-09-26 10:23:18,084 django.server basehttp:212 "GET /api/notifications/ HTTP/1.1" 200 4887
INFO 2026-09-26 10:24:12,420 django.server basehttp:212 "GET /api/notifications/ HTTP/1.1" 200 1607
INFO 2026-09-26 10:24:18,190 django.server basehttp:212 "GET /api/notifications/ HTTP/1.1" 200 4887
INFO 2026-09-26 10:25:12,516 django.server basehttp:212 "GET /api/notifications/ HTTP/1.1" 200 1607
INFO 2026-09-26 10:25:18,321 django.server basehttp:212 "GET /api/notifications/ HTTP/1.1" 200 4887
INFO 2026-09-26 10:26:12,471 django.server basehttp:212 "GET /api/notifications/ HTTP/1.1" 200 1607
INFO 2026-09-26 10:26:18,368 django.server basehttp:212 "GET /api/notifications/ HTTP/1.1" 200 4887
INFO 2026-09-26 10:27:12,399 django.server basehttp:212 "GET /api/notifications/ HTTP/1.1" 200 1607
INFO 2026-09-26 10:27:18,391 django.server basehttp:212 "GET /api/notifications/ HTTP/1.1" 200 4887
INFO 2026-09-26 10:28:12,419 django.server basehttp:212 "GET /api/notifications/ HTTP/1.1" 200 1607
INFO 2026-09-26 10:28:18,439 django.server basehttp:212 "GET /api/notifications/ HTTP/1.1" 200 4887
INFO 2026-09-26 10:29:12,426 django.server basehttp:212 "GET /api/notifications/ HTTP/1.1" 200 1607
INFO 2026-09-26 10:29:18,488 django.server basehttp:212 "GET /api/notifications/ HTTP/1.1" 200 4887
INFO 2026-09-26 10:30:12,404 django.server basehttp:212 "GET /api/notifications/ HTTP/1.1" 200 1607
INFO 2026-09-26 10:30:18,539 django.server basehttp:212 "GET /api/notifications/ HTTP/1.1" 200 4887
INFO 2026-09-26 10:31:12,417 django.server basehttp:212 "GET /api/notifications/ HTTP/1.1" 200 1607
INFO 2026-09-26 10:31:18,596 django.server basehttp:212 "GET /api/notifications/ HTTP/1.1" 200 4887
INFO 2026-09-26 10:32:12,435 django.server basehttp:212 "GET /api/notifications/ HTTP/1.1" 200 1607
INFO 2026-09-26 10:32:18,669 django.server basehttp:212 "GET /api/notifications/ HTTP/1.1" 200 4887
INFO 2026-09-26 10:33:12,421 django.server basehttp:212 "GET /api/notifications/ HTTP/1.1" 200 1607
INFO 2026-09-26 10:33:18,729 django.server basehttp:212 "GET /api/notifications/ HTTP/1.1" 200 4887
INFO 2026-09-26 10:34:12,423 django.server basehttp:212 "GET /api/notifications/ HTTP/1.1" 200 1607
INFO 2026-09-26 10:34:18,825 django.server basehttp:212 "GET /api/notifications/ HTTP/1.1" 200 4887
INFO 2026-09-26 10:35:09,933 django.utils.autoreload autoreload:265 /home/dravis/Downloads/chuka_timetabling/course_allocation/auto_allocate_courses.py changed, reloading.
INFO 2026-09-26 10:35:18,197 django.utils.autoreload autoreload:667 Watching for file changes with StatReloader
INFO 2026-09-26 10:36:12,515 django.server basehttp:212 "GET /api/notifications/ HTTP/1.1" 200 1607
INFO 2026-09-26 10:36:18,863 django.server basehttp:212 "GET /api/notifications/ HTTP/1.1" 200 4887
INFO 2026-09-26 10:37:12,493 django.server basehttp:212 "GET /api/notifications/ HTTP/1.1" 200 1607
INFO 2026-09-26 10:37:18,921 django.server basehttp:212 "GET /api/notifications/ HTTP/1.1" 200 4887
INFO 2026-09-26 10:38:12,528 django.server basehttp:212 "GET /api/notifications/ HTTP/1.1" 200 1607
INFO 2026-09-26 10:38:18,998 django.server basehttp:212 "GET /api/notifications/ HTTP/1.1" 200 4887
INFO 2026-09-26 10:38:29,219 django.server basehttp:212 "GET /cod/ HTTP/1.1" 200 5186878
INFO 2026-09-26 10:38:34,881 django.server basehttp:212 "GET /api/notifications/ HTTP/1.1" 200 4887
INFO 2026-09-26 10:38:34,910 django.server basehttp:212 "GET /api/course-codes/signature/ HTTP/1.1" 200 55
INFO 2026-09-26 10:38:34,914 django.server basehttp:212 "POST /cod/ HTTP/1.1" 200 37
INFO 2026-09-26 10:38:34,963 django.server basehttp:212 "POST /cod/ HTTP/1.1" 200 35
INFO 2026-09-26 10:38:35,017 django.server basehttp:212 "POST /cod/ HTTP/1.1" 200 40
INFO 2026-09-26 10:38:35,469 django.server basehttp:212 "GET /api/course-codes/?user_dept_id=65 HTTP/1.1" 200 511837
INFO 2026-09-26 10:38:35,559 django.server basehttp:212 "POST /cod/ HTTP/1.1" 200 22679
INFO 2026-09-26 10:38:36,860 django.server basehttp:212 "POST /cod/ HTTP/1.1" 200 47531
INFO 2026-09-26 10:39:00,562 django.server basehttp:212 "GET /groups-electives/ HTTP/1.1" 200 2894657
INFO 2026-09-26 10:39:01,161 django.server basehttp:212 "GET /api/notifications/ HTTP/1.1" 200 4887
INFO 2026-09-26 10:39:12,389 django.server basehttp:212 "GET /api/notifications/ HTTP/1.1" 200 1607
INFO 2026-09-26 10:39:19,381 django.server basehttp:212 "GET /api/notifications/ HTTP/1.1" 200 4887
INFO 2026-09-26 10:40:02,424 django.server basehttp:212 "GET /api/notifications/ HTTP/1.1" 200 4887
INFO 2026-09-26 10:40:05,418 django.server basehttp:212 "GET /api/notifications/ HTTP/1.1" 200 4887
INFO 2026-09-26 10:40:12,495 django.server basehttp:212 "GET /api/notifications/ HTTP/1.1" 200 1607
INFO 2026-09-26 10:40:19,427 django.server basehttp:212 "GET /api/notifications/ HTTP/1.1" 200 4887
INFO 2026-09-26 10:41:03,407 django.server basehttp:212 "GET /api/notifications/ HTTP/1.1" 200 4887
INFO 2026-09-26 10:41:12,574 django.server basehttp:212 "GET /api/notifications/ HTTP/1.1" 200 1607
INFO 2026-09-26 10:41:19,553 django.server basehttp:212 "GET /api/notifications/ HTTP/1.1" 200 4887
INFO 2026-09-26 10:41:35,458 django.server basehttp:212 "GET /api/notifications/ HTTP/1.1" 200 4887
INFO 2026-09-26 10:42:04,426 django.server basehttp:212 "GET /api/notifications/ HTTP/1.1" 200 4887
INFO 2026-09-26 10:42:19,647 django.server basehttp:212 "GET /api/notifications/ HTTP/1.1" 200 4887
INFO 2026-09-26 10:43:05,412 django.server basehttp:212 "GET /api/notifications/ HTTP/1.1" 200 4887
INFO 2026-09-26 10:43:05,472 django.server basehttp:212 "GET /api/notifications/ HTTP/1.1" 200 4887
INFO 2026-09-26 10:43:19,773 django.server basehttp:212 "GET /api/notifications/ HTTP/1.1" 200 4887
INFO 2026-09-26 10:44:06,413 django.server basehttp:212 "GET /api/notifications/ HTTP/1.1" 200 4887
INFO 2026-09-26 10:44:19,859 django.server basehttp:212 "GET /api/notifications/ HTTP/1.1" 200 4887
INFO 2026-09-26 10:44:35,453 django.server basehttp:212 "GET /api/notifications/ HTTP/1.1" 200 4887
INFO 2026-09-26 10:45:07,397 django.server basehttp:212 "GET /api/notifications/ HTTP/1.1" 200 4887
INFO 2026-09-26 10:45:19,940 django.server basehttp:212 "GET /api/notifications/ HTTP/1.1" 200 4887
INFO 2026-09-26 10:46:05,465 django.server basehttp:212 "GET /api/notifications/ HTTP/1.1" 200 4887
INFO 2026-09-26 10:46:08,403 django.server basehttp:212 "GET /api/notifications/ HTTP/1.1" 200 4887
INFO 2026-09-26 10:46:19,995 django.server basehttp:212 "GET /api/notifications/ HTTP/1.1" 200 4887
INFO 2026-09-26 10:47:09,403 django.server basehttp:212 "GET /api/notifications/ HTTP/1.1" 200 4887
INFO 2026-09-26 10:47:20,193 django.server basehttp:212 "GET /api/notifications/ HTTP/1.1" 200 4887
INFO 2026-09-26 10:47:35,475 django.server basehttp:212 "GET /api/notifications/ HTTP/1.1" 200 4887
INFO 2026-09-26 10:48:10,397 django.server basehttp:212 "GET /api/notifications/ HTTP/1.1" 200 4887
INFO 2026-09-26 10:48:20,257 django.server basehttp:212 "GET /api/notifications/ HTTP/1.1" 200 4887
INFO 2026-09-26 10:49:05,410 django.server basehttp:212 "GET /api/notifications/ HTTP/1.1" 200 4887
INFO 2026-09-26 10:49:11,429 django.server basehttp:212 "GET /api/notifications/ HTTP/1.1" 200 4887
INFO 2026-09-26 10:49:20,362 django.server basehttp:212 "GET /api/notifications/ HTTP/1.1" 200 4887
INFO 2026-09-26 10:50:12,472 django.server basehttp:212 "GET /api/notifications/ HTTP/1.1" 200 4887
INFO 2026-09-26 10:50:20,426 django.server basehttp:212 "GET /api/notifications/ HTTP/1.1" 200 4887
INFO 2026-09-26 10:50:35,412 django.server basehttp:212 "GET /api/notifications/ HTTP/1.1" 200 4887
INFO 2026-09-26 10:51:13,415 django.server basehttp:212 "GET /api/notifications/ HTTP/1.1" 200 4887
INFO 2026-09-26 10:51:20,495 django.server basehttp:212 "GET /api/notifications/ HTTP/1.1" 200 4887
INFO 2026-09-26 10:52:05,407 django.server basehttp:212 "GET /api/notifications/ HTTP/1.1" 200 4887
INFO 2026-09-26 10:52:14,413 django.server basehttp:212 "GET /api/notifications/ HTTP/1.1" 200 4887
INFO 2026-09-26 10:52:20,587 django.server basehttp:212 "GET /api/notifications/ HTTP/1.1" 200 4887
INFO 2026-09-26 10:53:15,404 django.server basehttp:212 "GET /api/notifications/ HTTP/1.1" 200 4887
INFO 2026-09-26 10:53:20,639 django.server basehttp:212 "GET /api/notifications/ HTTP/1.1" 200 4887
INFO 2026-09-26 10:53:35,462 django.server basehttp:212 "GET /api/notifications/ HTTP/1.1" 200 4887
INFO 2026-09-26 10:54:16,436 django.server basehttp:212 "GET /api/notifications/ HTTP/1.1" 200 4887
INFO 2026-09-26 10:54:20,667 django.server basehttp:212 "GET /api/notifications/ HTTP/1.1" 200 4887
INFO 2026-09-26 10:55:05,389 django.server basehttp:212 "GET /api/notifications/ HTTP/1.1" 200 4887
INFO 2026-09-26 10:55:17,395 django.server basehttp:212 "GET /api/notifications/ HTTP/1.1" 200 4887
INFO 2026-09-26 10:55:20,743 django.server basehttp:212 "GET /api/notifications/ HTTP/1.1" 200 4887
INFO 2026-09-26 10:56:18,390 django.server basehttp:212 "GET /api/notifications/ HTTP/1.1" 200 4887
INFO 2026-09-26 10:56:20,815 django.server basehttp:212 "GET /api/notifications/ HTTP/1.1" 200 4887
INFO 2026-09-26 10:56:35,402 django.server basehttp:212 "GET /api/notifications/ HTTP/1.1" 200 4887
INFO 2026-09-26 10:57:19,436 django.server basehttp:212 "GET /api/notifications/ HTTP/1.1" 200 4887
INFO 2026-09-26 10:57:20,848 django.server basehttp:212 "GET /api/notifications/ HTTP/1.1" 200 4887
INFO 2026-09-26 10:58:05,441 django.server basehttp:212 "GET /api/notifications/ HTTP/1.1" 200 4887
INFO 2026-09-26 10:58:20,435 django.server basehttp:212 "GET /api/notifications/ HTTP/1.1" 200 4887
INFO 2026-09-26 10:58:20,897 django.server basehttp:212 "GET /api/notifications/ HTTP/1.1" 200 4887
INFO 2026-09-26 10:59:21,019 django.server basehttp:212 "GET /api/notifications/ HTTP/1.1" 200 4887
INFO 2026-09-26 10:59:21,381 django.server basehttp:212 "GET /api/notifications/ HTTP/1.1" 200 4887
INFO 2026-09-26 10:59:35,382 django.server basehttp:212 "GET /api/notifications/ HTTP/1.1" 200 4887
INFO 2026-09-26 11:00:21,135 django.server basehttp:212 "GET /api/notifications/ HTTP/1.1" 200 4887
INFO 2026-09-26 11:00:22,445 django.server basehttp:212 "GET /api/notifications/ HTTP/1.1" 200 4887
INFO 2026-09-26 11:01:05,399 django.server basehttp:212 "GET /api/notifications/ HTTP/1.1" 200 4887
INFO 2026-09-26 11:01:21,227 django.server basehttp:212 "GET /api/notifications/ HTTP/1.1" 200 4887
INFO 2026-09-26 11:01:23,387 django.server basehttp:212 "GET /api/notifications/ HTTP/1.1" 200 4887
INFO 2026-09-26 11:02:21,330 django.server basehttp:212 "GET /api/notifications/ HTTP/1.1" 200 4887
INFO 2026-09-26 11:02:24,399 django.server basehttp:212 "GET /api/notifications/ HTTP/1.1" 200 4887
INFO 2026-09-26 11:02:35,409 django.server basehttp:212 "GET /api/notifications/ HTTP/1.1" 200 4887
INFO 2026-09-26 11:03:21,390 django.server basehttp:212 "GET /api/notifications/ HTTP/1.1" 200 4887
INFO 2026-09-26 11:03:25,413 django.server basehttp:212 "GET /api/notifications/ HTTP/1.1" 200 4887
INFO 2026-09-26 11:04:05,409 django.server basehttp:212 "GET /api/notifications/ HTTP/1.1" 200 4887
INFO 2026-09-26 11:04:21,451 django.server basehttp:212 "GET /api/notifications/ HTTP/1.1" 200 4887
INFO 2026-09-26 11:04:26,393 django.server basehttp:212 "GET /api/notifications/ HTTP/1.1" 200 4887
INFO 2026-09-26 11:05:21,503 django.server basehttp:212 "GET /api/notifications/ HTTP/1.1" 200 4887
INFO 2026-09-26 11:05:27,380 django.server basehttp:212 "GET /api/notifications/ HTTP/1.1" 200 4887
INFO 2026-09-26 11:05:35,415 django.server basehttp:212 "GET /api/notifications/ HTTP/1.1" 200 4887
INFO 2026-09-26 11:06:21,551 django.server basehttp:212 "GET /api/notifications/ HTTP/1.1" 200 4887
INFO 2026-09-26 11:06:28,385 django.server basehttp:212 "GET /api/notifications/ HTTP/1.1" 200 4887
INFO 2026-09-26 11:07:05,402 django.server basehttp:212 "GET /api/notifications/ HTTP/1.1" 200 4887
INFO 2026-09-26 11:07:21,626 django.server basehttp:212 "GET /api/notifications/ HTTP/1.1" 200 4887
INFO 2026-09-26 11:07:29,406 django.server basehttp:212 "GET /api/notifications/ HTTP/1.1" 200 4887
INFO 2026-09-26 11:08:21,722 django.server basehttp:212 "GET /api/notifications/ HTTP/1.1" 200 4887
INFO 2026-09-26 11:08:30,450 django.server basehttp:212 "GET /api/notifications/ HTTP/1.1" 200 4887
INFO 2026-09-26 11:08:35,420 django.server basehttp:212 "GET /api/notifications/ HTTP/1.1" 200 4887
INFO 2026-09-26 11:09:21,829 django.server basehttp:212 "GET /api/notifications/ HTTP/1.1" 200 4887
INFO 2026-09-26 11:09:31,436 django.server basehttp:212 "GET /api/notifications/ HTTP/1.1" 200 4887
INFO 2026-09-26 11:10:05,401 django.server basehttp:212 "GET /api/notifications/ HTTP/1.1" 200 4887
INFO 2026-09-26 11:10:21,960 django.server basehttp:212 "GET /api/notifications/ HTTP/1.1" 200 4887
INFO 2026-09-26 11:10:32,388 django.server basehttp:212 "GET /api/notifications/ HTTP/1.1" 200 4887
INFO 2026-09-26 11:11:22,009 django.server basehttp:212 "GET /api/notifications/ HTTP/1.1" 200 4887
INFO 2026-09-26 11:11:33,422 django.server basehttp:212 "GET /api/notifications/ HTTP/1.1" 200 4887
INFO 2026-09-26 11:11:35,386 django.server basehttp:212 "GET /api/notifications/ HTTP/1.1" 200 4887
INFO 2026-09-26 11:12:22,049 django.server basehttp:212 "GET /api/notifications/ HTTP/1.1" 200 4887
INFO 2026-09-26 11:12:34,410 django.server basehttp:212 "GET /api/notifications/ HTTP/1.1" 200 4887
INFO 2026-09-26 11:13:05,411 django.server basehttp:212 "GET /api/notifications/ HTTP/1.1" 200 4887
INFO 2026-09-26 11:13:22,104 django.server basehttp:212 "GET /api/notifications/ HTTP/1.1" 200 4887
INFO 2026-09-26 11:13:35,391 django.server basehttp:212 "GET /api/notifications/ HTTP/1.1" 200 4887
INFO 2026-09-26 11:14:22,219 django.server basehttp:212 "GET /api/notifications/ HTTP/1.1" 200 4887
INFO 2026-09-26 11:14:28,380 django.utils.autoreload autoreload:265 /home/dravis/Downloads/chuka_timetabling/course_allocation/auto_allocate_courses.py changed, reloading.
INFO 2026-09-26 11:14:35,035 django.utils.autoreload autoreload:667 Watching for file changes with StatReloader
INFO 2026-09-26 11:15:22,335 django.server basehttp:212 "GET /api/notifications/ HTTP/1.1" 200 4887
INFO 2026-09-26 11:15:37,453 django.server basehttp:212 "GET /api/notifications/ HTTP/1.1" 200 4887
INFO 2026-09-26 11:16:03,820 django.utils.autoreload autoreload:265 /home/dravis/Downloads/chuka_timetabling/course_allocation/urls.py changed, reloading.
INFO 2026-09-26 11:16:08,375 django.utils.autoreload autoreload:667 Watching for file changes with StatReloader
INFO 2026-09-26 11:16:21,712 django.utils.autoreload autoreload:667 Watching for file changes with StatReloader
INFO 2026-09-26 11:16:30,302 django.server basehttp:212 "GET /lecturer-course-mapping/ HTTP/1.1" 200 1599433
INFO 2026-09-26 11:16:31,832 django.server basehttp:212 "GET /api/notifications/ HTTP/1.1" 200 4887
INFO 2026-09-26 11:16:32,178 django.server basehttp:212 "GET /site/logo/ HTTP/1.1" 200 280
INFO 2026-09-26 11:16:38,454 django.server basehttp:212 "GET /api/notifications/ HTTP/1.1" 200 4887
INFO 2026-09-26 11:16:45,880 django.server basehttp:212 "GET /lecturer-course-mapping/ HTTP/1.1" 200 1599433
INFO 2026-09-26 11:16:46,363 django.server basehttp:212 "GET /api/notifications/ HTTP/1.1" 200 4887
INFO 2026-09-26 11:16:46,882 django.server basehttp:212 "GET /site/logo/ HTTP/1.1" 200 280
INFO 2026-09-26 11:17:35,421 django.server basehttp:212 "GET /api/notifications/ HTTP/1.1" 200 4887
INFO 2026-09-26 11:17:39,431 django.server basehttp:212 "GET /api/notifications/ HTTP/1.1" 200 4887
INFO 2026-09-26 11:17:46,929 django.server basehttp:212 "GET /api/notifications/ HTTP/1.1" 200 4887
INFO 2026-09-26 11:18:29,617 django.server basehttp:212 "GET /lecturer-course-mapping/ HTTP/1.1" 200 1609162
INFO 2026-09-26 11:18:30,141 django.server basehttp:212 "GET /api/notifications/ HTTP/1.1" 200 4887
INFO 2026-09-26 11:18:30,630 django.server basehttp:212 "GET /site/logo/ HTTP/1.1" 200 280
INFO 2026-09-26 11:18:40,478 django.server basehttp:212 "GET /api/notifications/ HTTP/1.1" 200 4887
INFO 2026-09-26 11:19:05,430 django.server basehttp:212 "GET /api/notifications/ HTTP/1.1" 200 4887
INFO 2026-09-26 11:19:30,698 django.server basehttp:212 "GET /api/notifications/ HTTP/1.1" 200 4887
INFO 2026-09-26 11:19:41,443 django.server basehttp:212 "GET /api/notifications/ HTTP/1.1" 200 4887
INFO 2026-09-26 11:20:30,738 django.server basehttp:212 "GET /api/notifications/ HTTP/1.1" 200 4887
INFO 2026-09-26 11:20:35,375 django.server basehttp:212 "GET /api/notifications/ HTTP/1.1" 200 4887
INFO 2026-09-26 11:20:42,453 django.server basehttp:212 "GET /api/notifications/ HTTP/1.1" 200 4887
INFO 2026-09-26 11:21:30,763 django.server basehttp:212 "GET /api/notifications/ HTTP/1.1" 200 4887
INFO 2026-09-26 11:21:43,418 django.server basehttp:212 "GET /api/notifications/ HTTP/1.1" 200 4887
INFO 2026-09-26 11:22:05,417 django.server basehttp:212 "GET /api/notifications/ HTTP/1.1" 200 4887
INFO 2026-09-26 11:22:30,793 django.server basehttp:212 "GET /api/notifications/ HTTP/1.1" 200 4887
INFO 2026-09-26 11:22:44,377 django.server basehttp:212 "GET /api/notifications/ HTTP/1.1" 200 4887
INFO 2026-09-26 11:23:30,849 django.server basehttp:212 "GET /api/notifications/ HTTP/1.1" 200 4887
INFO 2026-09-26 11:23:35,444 django.server basehttp:212 "GET /api/notifications/ HTTP/1.1" 200 4887
INFO 2026-09-26 11:23:45,401 django.server basehttp:212 "GET /api/notifications/ HTTP/1.1" 200 4887
INFO 2026-09-26 11:24:30,939 django.server basehttp:212 "GET /api/notifications/ HTTP/1.1" 200 4887
INFO 2026-09-26 11:24:46,424 django.server basehttp:212 "GET /api/notifications/ HTTP/1.1" 200 4887
INFO 2026-09-26 11:25:05,409 django.server basehttp:212 "GET /api/notifications/ HTTP/1.1" 200 4887
INFO 2026-09-26 11:25:30,975 django.server basehttp:212 "GET /api/notifications/ HTTP/1.1" 200 4887
INFO 2026-09-26 11:25:46,636 django.server basehttp:212 "GET /lecturer-course-mapping/ HTTP/1.1" 200 1562526
INFO 2026-09-26 11:25:47,163 django.server basehttp:212 "GET /api/notifications/ HTTP/1.1" 200 4887
INFO 2026-09-26 11:25:47,371 django.server basehttp:212 "GET /api/notifications/ HTTP/1.1" 200 4887
INFO 2026-09-26 11:25:47,410 django.server basehttp:212 "GET /site/logo/ HTTP/1.1" 200 280
INFO 2026-09-26 11:26:35,372 django.server basehttp:212 "GET /api/notifications/ HTTP/1.1" 200 4887
INFO 2026-09-26 11:26:47,426 django.server basehttp:212 "GET /api/notifications/ HTTP/1.1" 200 4887
INFO 2026-09-26 11:26:48,379 django.server basehttp:212 "GET /api/notifications/ HTTP/1.1" 200 4887
INFO 2026-09-26 11:27:47,494 django.server basehttp:212 "GET /api/notifications/ HTTP/1.1" 200 4887
INFO 2026-09-26 11:27:49,401 django.server basehttp:212 "GET /api/notifications/ HTTP/1.1" 200 4887
INFO 2026-09-26 11:28:05,420 django.server basehttp:212 "GET /api/notifications/ HTTP/1.1" 200 4887
INFO 2026-09-26 11:28:47,618 django.server basehttp:212 "GET /api/notifications/ HTTP/1.1" 200 4887
INFO 2026-09-26 11:28:50,379 django.server basehttp:212 "GET /api/notifications/ HTTP/1.1" 200 4887
INFO 2026-09-26 11:29:35,419 django.server basehttp:212 "GET /api/notifications/ HTTP/1.1" 200 4887
INFO 2026-09-26 11:29:47,665 django.server basehttp:212 "GET /api/notifications/ HTTP/1.1" 200 4887
INFO 2026-09-26 11:29:51,451 django.server basehttp:212 "GET /api/notifications/ HTTP/1.1" 200 4887
INFO 2026-09-26 11:30:47,764 django.server basehttp:212 "GET /api/notifications/ HTTP/1.1" 200 4887
INFO 2026-09-26 11:30:52,396 django.server basehttp:212 "GET /api/notifications/ HTTP/1.1" 200 4887
INFO 2026-09-26 11:31:05,396 django.server basehttp:212 "GET /api/notifications/ HTTP/1.1" 200 4887
INFO 2026-09-26 11:31:09,581 django.server basehttp:212 "GET /lecturer-course-mapping/ HTTP/1.1" 200 1592589
INFO 2026-09-26 11:31:10,148 django.server basehttp:212 "GET /api/notifications/ HTTP/1.1" 200 4887
INFO 2026-09-26 11:31:10,554 django.server basehttp:212 "GET /site/logo/ HTTP/1.1" 200 280
INFO 2026-09-26 11:31:53,446 django.server basehttp:212 "GET /api/notifications/ HTTP/1.1" 200 4887
INFO 2026-09-26 11:32:09,337 django.server basehttp:212 "GET /get-lecturer-mapping/?lecturer_id=11781&department_id=65 HTTP/1.1" 200 104
INFO 2026-09-26 11:32:10,566 django.server basehttp:212 "GET /api/notifications/ HTTP/1.1" 200 4887
INFO 2026-09-26 11:32:35,374 django.server basehttp:212 "GET /api/notifications/ HTTP/1.1" 200 4887
INFO 2026-09-26 11:32:54,465 django.server basehttp:212 "GET /api/notifications/ HTTP/1.1" 200 4887
INFO 2026-09-26 11:33:10,613 django.server basehttp:212 "GET /api/notifications/ HTTP/1.1" 200 4887
INFO 2026-09-26 11:33:17,940 django.server basehttp:212 "GET /lecturer-course-mapping/ HTTP/1.1" 200 1592639
INFO 2026-09-26 11:33:18,562 django.server basehttp:212 "GET /api/notifications/ HTTP/1.1" 200 4887
INFO 2026-09-26 11:33:19,184 django.server basehttp:212 "GET /site/logo/ HTTP/1.1" 200 280
INFO 2026-09-26 11:33:55,407 django.server basehttp:212 "GET /api/notifications/ HTTP/1.1" 200 4887
INFO 2026-09-26 11:34:05,401 django.server basehttp:212 "GET /api/notifications/ HTTP/1.1" 200 4887
INFO 2026-09-26 11:34:19,198 django.server basehttp:212 "GET /api/notifications/ HTTP/1.1" 200 4887
INFO 2026-09-26 11:34:25,491 django.server basehttp:212 "GET /groups-electives/ HTTP/1.1" 200 2894657
INFO 2026-09-26 11:34:26,723 django.server basehttp:212 "GET /api/notifications/ HTTP/1.1" 200 4887
INFO 2026-09-26 11:34:56,395 django.server basehttp:212 "GET /api/notifications/ HTTP/1.1" 200 4887
INFO 2026-09-26 11:35:12,613 django.server basehttp:212 "GET /lecturer-course-mapping/ HTTP/1.1" 200 1593335
INFO 2026-09-26 11:35:13,182 django.server basehttp:212 "GET /api/notifications/ HTTP/1.1" 200 4887
INFO 2026-09-26 11:35:13,666 django.server basehttp:212 "GET /site/logo/ HTTP/1.1" 200 280
INFO 2026-09-26 11:35:27,454 django.server basehttp:212 "GET /api/notifications/ HTTP/1.1" 200 4887
INFO 2026-09-26 11:35:37,403 django.server basehttp:212 "GET /get-lecturer-mapping/?lecturer_id=11236&department_id=65 HTTP/1.1" 200 123
INFO 2026-09-26 11:35:57,417 django.server basehttp:212 "GET /api/notifications/ HTTP/1.1" 200 4887
INFO 2026-09-26 11:36:14,406 django.server basehttp:212 "GET /api/notifications/ HTTP/1.1" 200 4887
INFO 2026-09-26 11:36:27,513 django.server basehttp:212 "GET /api/notifications/ HTTP/1.1" 200 4887
INFO 2026-09-26 11:36:58,419 django.server basehttp:212 "GET /api/notifications/ HTTP/1.1" 200 4887
INFO 2026-09-26 11:37:15,407 django.server basehttp:212 "GET /api/notifications/ HTTP/1.1" 200 4887
INFO 2026-09-26 11:37:27,538 django.server basehttp:212 "GET /api/notifications/ HTTP/1.1" 200 4887
INFO 2026-09-26 11:37:59,435 django.server basehttp:212 "GET /api/notifications/ HTTP/1.1" 200 4887
INFO 2026-09-26 11:38:11,259 django.server basehttp:212 "POST /ajax/groups-electives/ HTTP/1.1" 200 2279
INFO 2026-09-26 11:38:11,262 django.server basehttp:212 "POST /ajax/groups-electives/ HTTP/1.1" 200 226163
INFO 2026-09-26 11:38:11,275 django.server basehttp:212 "POST /ajax/groups-electives/ HTTP/1.1" 200 35334
INFO 2026-09-26 11:38:11,951 django.server basehttp:212 "POST /ajax/groups-electives/ HTTP/1.1" 200 6949
INFO 2026-09-26 11:38:11,964 django.server basehttp:212 "POST /ajax/groups-electives/ HTTP/1.1" 200 6969
INFO 2026-09-26 11:38:11,966 django.server basehttp:212 "POST /ajax/groups-electives/ HTTP/1.1" 200 6076
INFO 2026-09-26 11:38:11,966 django.server basehttp:212 "POST /ajax/groups-electives/ HTTP/1.1" 200 6061
INFO 2026-09-26 11:38:12,027 django.server basehttp:212 "POST /ajax/groups-electives/ HTTP/1.1" 200 6127
INFO 2026-09-26 11:38:12,044 django.server basehttp:212 "POST /ajax/groups-electives/ HTTP/1.1" 200 6906
INFO 2026-09-26 11:38:12,570 django.server basehttp:212 "POST /ajax/groups-electives/ HTTP/1.1" 200 6884
INFO 2026-09-26 11:38:12,606 django.server basehttp:212 "POST /ajax/groups-electives/ HTTP/1.1" 200 6979
INFO 2026-09-26 11:38:12,612 django.server basehttp:212 "POST /ajax/groups-electives/ HTTP/1.1" 200 6052
INFO 2026-09-26 11:38:12,833 django.server basehttp:212 "POST /ajax/groups-electives/ HTTP/1.1" 200 6140
INFO 2026-09-26 11:38:12,853 django.server basehttp:212 "POST /ajax/groups-electives/ HTTP/1.1" 200 6125
INFO 2026-09-26 11:38:12,899 django.server basehttp:212 "POST /ajax/groups-electives/ HTTP/1.1" 200 7023
INFO 2026-09-26 11:38:13,333 django.server basehttp:212 "POST /ajax/groups-electives/ HTTP/1.1" 200 6917
INFO 2026-09-26 11:38:13,335 django.server basehttp:212 "POST /ajax/groups-electives/ HTTP/1.1" 200 6153
INFO 2026-09-26 11:38:13,337 django.server basehttp:212 "POST /ajax/groups-electives/ HTTP/1.1" 200 6065
INFO 2026-09-26 11:38:16,373 django.server basehttp:212 "GET /api/notifications/ HTTP/1.1" 200 4887
INFO 2026-09-26 11:38:27,621 django.server basehttp:212 "GET /api/notifications/ HTTP/1.1" 200 4887
INFO 2026-09-26 11:39:00,387 django.server basehttp:212 "GET /api/notifications/ HTTP/1.1" 200 4887
INFO 2026-09-26 11:39:17,391 django.server basehttp:212 "GET /api/notifications/ HTTP/1.1" 200 4887
INFO 2026-09-26 11:39:27,645 django.server basehttp:212 "GET /api/notifications/ HTTP/1.1" 200 4887
INFO 2026-09-26 11:40:01,402 django.server basehttp:212 "GET /api/notifications/ HTTP/1.1" 200 4887
INFO 2026-09-26 11:40:18,370 django.server basehttp:212 "GET /api/notifications/ HTTP/1.1" 200 4887
INFO 2026-09-26 11:40:25,039 django.server basehttp:212 "GET /groups-electives/ HTTP/1.1" 200 2894741
INFO 2026-09-26 11:40:25,479 django.server basehttp:212 "GET /api/notifications/ HTTP/1.1" 200 4887
INFO 2026-09-26 11:40:25,597 django.server basehttp:212 "POST /ajax/groups-electives/ HTTP/1.1" 200 226169
INFO 2026-09-26 11:40:25,599 django.server basehttp:212 "POST /ajax/groups-electives/ HTTP/1.1" 200 2279
INFO 2026-09-26 11:40:25,610 django.server basehttp:212 "POST /ajax/groups-electives/ HTTP/1.1" 200 35334
INFO 2026-09-26 11:40:26,167 django.server basehttp:212 "POST /ajax/groups-electives/ HTTP/1.1" 200 6969
INFO 2026-09-26 11:40:26,212 django.server basehttp:212 "POST /ajax/groups-electives/ HTTP/1.1" 200 6906
INFO 2026-09-26 11:40:26,257 django.server basehttp:212 "POST /ajax/groups-electives/ HTTP/1.1" 200 6061
INFO 2026-09-26 11:40:26,271 django.server basehttp:212 "POST /ajax/groups-electives/ HTTP/1.1" 200 6076
INFO 2026-09-26 11:40:26,384 django.server basehttp:212 "POST /ajax/groups-electives/ HTTP/1.1" 200 6949
INFO 2026-09-26 11:40:26,544 django.server basehttp:212 "POST /ajax/groups-electives/ HTTP/1.1" 200 6127
INFO 2026-09-26 11:40:26,686 django.server basehttp:212 "POST /ajax/groups-electives/ HTTP/1.1" 200 6140
INFO 2026-09-26 11:40:26,784 django.server basehttp:212 "POST /ajax/groups-electives/ HTTP/1.1" 200 6884
INFO 2026-09-26 11:40:26,893 django.server basehttp:212 "POST /ajax/groups-electives/ HTTP/1.1" 200 6979
INFO 2026-09-26 11:40:27,001 django.server basehttp:212 "POST /ajax/groups-electives/ HTTP/1.1" 200 7023
INFO 2026-09-26 11:40:27,005 django.server basehttp:212 "POST /ajax/groups-electives/ HTTP/1.1" 200 6052
INFO 2026-09-26 11:40:27,026 django.server basehttp:212 "POST /ajax/groups-electives/ HTTP/1.1" 200 6125
INFO 2026-09-26 11:40:27,073 django.server basehttp:212 "POST /ajax/groups-electives/ HTTP/1.1" 200 6917
INFO 2026-09-26 11:40:27,171 django.server basehttp:212 "GET /site/logo/ HTTP/1.1" 200 280
INFO 2026-09-26 11:40:27,180 django.server basehttp:212 "POST /ajax/groups-electives/ HTTP/1.1" 200 6153
INFO 2026-09-26 11:40:27,191 django.server basehttp:212 "POST /ajax/groups-electives/ HTTP/1.1" 200 6065
INFO 2026-09-26 11:40:58,871 django.server basehttp:212 "POST /ajax/groups-electives/ HTTP/1.1" 200 2279
INFO 2026-09-26 11:41:02,375 django.server basehttp:212 "GET /api/notifications/ HTTP/1.1" 200 4887
INFO 2026-09-26 11:41:19,381 django.server basehttp:212 "GET /api/notifications/ HTTP/1.1" 200 4887
INFO 2026-09-26 11:41:25,725 django.server basehttp:212 "GET /api/notifications/ HTTP/1.1" 200 4887
INFO 2026-09-26 11:41:41,623 django.server basehttp:212 "GET /groups-electives/ HTTP/1.1" 200 2894741
INFO 2026-09-26 11:41:42,022 django.server basehttp:212 "GET /api/notifications/ HTTP/1.1" 200 4887
INFO 2026-09-26 11:41:44,136 django.server basehttp:212 "GET /site/logo/ HTTP/1.1" 200 280
INFO 2026-09-26 11:41:50,699 django.server basehttp:212 "GET /groups-electives/ HTTP/1.1" 200 2894741
INFO 2026-09-26 11:41:51,055 django.server basehttp:212 "GET /api/notifications/ HTTP/1.1" 200 4887
INFO 2026-09-26 11:41:53,295 django.server basehttp:212 "GET /site/logo/ HTTP/1.1" 200 280
INFO 2026-09-26 11:42:03,409 django.server basehttp:212 "GET /api/notifications/ HTTP/1.1" 200 4887
INFO 2026-09-26 11:42:13,020 django.server basehttp:212 "POST /ajax/groups-electives/ HTTP/1.1" 200 226166
INFO 2026-09-26 11:42:13,021 django.server basehttp:212 "POST /ajax/groups-electives/ HTTP/1.1" 200 2279
INFO 2026-09-26 11:42:13,039 django.server basehttp:212 "POST /ajax/groups-electives/ HTTP/1.1" 200 35334
INFO 2026-09-26 11:42:13,186 django.server basehttp:212 "POST /ajax/groups-electives/ HTTP/1.1" 200 2279
INFO 2026-09-26 11:42:13,219 django.server basehttp:212 "POST /ajax/groups-electives/ HTTP/1.1" 200 226177
INFO 2026-09-26 11:42:13,239 django.server basehttp:212 "POST /ajax/groups-electives/ HTTP/1.1" 200 35334
INFO 2026-09-26 11:42:13,673 django.server basehttp:212 "POST /ajax/groups-electives/ HTTP/1.1" 200 6061
INFO 2026-09-26 11:42:13,698 django.server basehttp:212 "POST /ajax/groups-electives/ HTTP/1.1" 200 6949
INFO 2026-09-26 11:42:13,779 django.server basehttp:212 "POST /ajax/groups-electives/ HTTP/1.1" 200 6076
INFO 2026-09-26 11:42:13,787 django.server basehttp:212 "POST /ajax/groups-electives/ HTTP/1.1" 200 6969
INFO 2026-09-26 11:42:13,795 django.server basehttp:212 "POST /ajax/groups-electives/ HTTP/1.1" 200 6906
INFO 2026-09-26 11:42:13,891 django.server basehttp:212 "POST /ajax/groups-electives/ HTTP/1.1" 200 6127
INFO 2026-09-26 11:42:14,319 django.server basehttp:212 "POST /ajax/groups-electives/ HTTP/1.1" 200 6140
INFO 2026-09-26 11:42:14,388 django.server basehttp:212 "POST /ajax/groups-electives/ HTTP/1.1" 200 6979
INFO 2026-09-26 11:42:14,393 django.server basehttp:212 "POST /ajax/groups-electives/ HTTP/1.1" 200 6125
INFO 2026-09-26 11:42:14,562 django.server basehttp:212 "POST /ajax/groups-electives/ HTTP/1.1" 200 6884
INFO 2026-09-26 11:42:14,631 django.server basehttp:212 "POST /ajax/groups-electives/ HTTP/1.1" 200 6052
INFO 2026-09-26 11:42:14,668 django.server basehttp:212 "POST /ajax/groups-electives/ HTTP/1.1" 200 7023
INFO 2026-09-26 11:42:14,732 django.server basehttp:212 "POST /ajax/groups-electives/ HTTP/1.1" 200 6065
INFO 2026-09-26 11:42:14,739 django.server basehttp:212 "POST /ajax/groups-electives/ HTTP/1.1" 200 6917
INFO 2026-09-26 11:42:14,743 django.server basehttp:212 "POST /ajax/groups-electives/ HTTP/1.1" 200 6153
INFO 2026-09-26 11:42:20,411 django.server basehttp:212 "GET /api/notifications/ HTTP/1.1" 200 4887
INFO 2026-09-26 11:42:53,357 django.server basehttp:212 "GET /api/notifications/ HTTP/1.1" 200 4887
INFO 2026-09-26 11:43:04,445 django.server basehttp:212 "GET /api/notifications/ HTTP/1.1" 200 4887
INFO 2026-09-26 11:43:21,437 django.server basehttp:212 "GET /api/notifications/ HTTP/1.1" 200 4887
INFO 2026-09-26 11:43:53,430 django.server basehttp:212 "GET /api/notifications/ HTTP/1.1" 200 4887
INFO 2026-09-26 11:43:59,508 django.server basehttp:212 "GET /groups-electives/ HTTP/1.1" 200 2894820
INFO 2026-09-26 11:43:59,878 django.server basehttp:212 "GET /api/notifications/ HTTP/1.1" 200 4887
INFO 2026-09-26 11:44:00,112 django.server basehttp:212 "GET /site/logo/ HTTP/1.1" 200 280
INFO 2026-09-26 11:44:02,730 django.server basehttp:212 "GET /groups-electives/ HTTP/1.1" 200 2894820
INFO 2026-09-26 11:44:03,074 django.server basehttp:212 "GET /api/notifications/ HTTP/1.1" 200 4887
INFO 2026-09-26 11:44:03,341 django.server basehttp:212 "GET /site/logo/ HTTP/1.1" 200 280
INFO 2026-09-26 11:44:05,393 django.server basehttp:212 "GET /api/notifications/ HTTP/1.1" 200 4887
INFO 2026-09-26 11:44:22,377 django.server basehttp:212 "GET /api/notifications/ HTTP/1.1" 200 4887
INFO 2026-09-26 11:44:44,556 django.server basehttp:212 "POST /ajax/groups-electives/ HTTP/1.1" 200 2279
INFO 2026-09-26 11:44:44,568 django.server basehttp:212 "POST /ajax/groups-electives/ HTTP/1.1" 200 226177
INFO 2026-09-26 11:44:44,576 django.server basehttp:212 "POST /ajax/groups-electives/ HTTP/1.1" 200 35334
INFO 2026-09-26 11:44:45,732 django.server basehttp:212 "POST /ajax/groups-electives/ HTTP/1.1" 200 6076
INFO 2026-09-26 11:44:45,760 django.server basehttp:212 "POST /ajax/groups-electives/ HTTP/1.1" 200 6061
INFO 2026-09-26 11:44:45,832 django.server basehttp:212 "POST /ajax/groups-electives/ HTTP/1.1" 200 6949
INFO 2026-09-26 11:44:45,838 django.server basehttp:212 "POST /ajax/groups-electives/ HTTP/1.1" 200 6906
INFO 2026-09-26 11:44:45,865 django.server basehttp:212 "POST /ajax/groups-electives/ HTTP/1.1" 200 6969
INFO 2026-09-26 11:44:45,989 django.server basehttp:212 "POST /ajax/groups-electives/ HTTP/1.1" 200 6127
INFO 2026-09-26 11:44:46,363 django.server basehttp:212 "POST /ajax/groups-electives/ HTTP/1.1" 200 6125
INFO 2026-09-26 11:44:46,412 django.server basehttp:212 "POST /ajax/groups-electives/ HTTP/1.1" 200 6979
INFO 2026-09-26 11:44:46,488 django.server basehttp:212 "POST /ajax/groups-electives/ HTTP/1.1" 200 6140
INFO 2026-09-26 11:44:46,590 django.server basehttp:212 "POST /ajax/groups-electives/ HTTP/1.1" 200 6884
INFO 2026-09-26 11:44:46,721 django.server basehttp:212 "POST /ajax/groups-electives/ HTTP/1.1" 200 6052
INFO 2026-09-26 11:44:46,796 django.server basehttp:212 "POST /ajax/groups-electives/ HTTP/1.1" 200 7023
INFO 2026-09-26 11:44:46,884 django.server basehttp:212 "POST /ajax/groups-electives/ HTTP/1.1" 200 6153
INFO 2026-09-26 11:44:47,020 django.server basehttp:212 "POST /ajax/groups-electives/ HTTP/1.1" 200 6917
INFO 2026-09-26 11:44:47,023 django.server basehttp:212 "POST /ajax/groups-electives/ HTTP/1.1" 200 6065
INFO 2026-09-26 11:45:03,429 django.server basehttp:212 "GET /api/notifications/ HTTP/1.1" 200 4887
INFO 2026-09-26 11:45:06,388 django.server basehttp:212 "GET /api/notifications/ HTTP/1.1" 200 4887
INFO 2026-09-26 11:45:39,445 django.utils.autoreload autoreload:667 Watching for file changes with StatReloader
INFO 2026-09-26 11:46:03,544 django.server basehttp:212 "GET /api/notifications/ HTTP/1.1" 200 4887
INFO 2026-09-26 11:46:07,405 django.server basehttp:212 "GET /api/notifications/ HTTP/1.1" 200 4887
INFO 2026-09-26 11:46:24,432 django.server basehttp:212 "GET /api/notifications/ HTTP/1.1" 200 4887
INFO 2026-09-26 11:47:03,603 django.server basehttp:212 "GET /api/notifications/ HTTP/1.1" 200 4887
INFO 2026-09-26 11:47:08,435 django.server basehttp:212 "GET /api/notifications/ HTTP/1.1" 200 4887
INFO 2026-09-26 11:47:25,459 django.server basehttp:212 "GET /api/notifications/ HTTP/1.1" 200 4887
INFO 2026-09-26 11:48:03,662 django.server basehttp:212 "GET /api/notifications/ HTTP/1.1" 200 4887
INFO 2026-09-26 11:48:09,432 django.server basehttp:212 "GET /api/notifications/ HTTP/1.1" 200 4887
INFO 2026-09-26 11:48:26,392 django.server basehttp:212 "GET /api/notifications/ HTTP/1.1" 200 4887
INFO 2026-09-26 11:48:42,370 django.server basehttp:212 "GET /groups-electives/ HTTP/1.1" 200 2894849
INFO 2026-09-26 11:48:42,773 django.server basehttp:212 "GET /api/notifications/ HTTP/1.1" 200 4887
INFO 2026-09-26 11:48:44,883 django.server basehttp:212 "GET /site/logo/ HTTP/1.1" 200 280
INFO 2026-09-26 11:49:10,407 django.server basehttp:212 "GET /api/notifications/ HTTP/1.1" 200 4887
INFO 2026-09-26 11:49:27,391 django.server basehttp:212 "GET /api/notifications/ HTTP/1.1" 200 4887
INFO 2026-09-26 11:49:44,936 django.server basehttp:212 "GET /api/notifications/ HTTP/1.1" 200 4887
